source_record_id,hris_id,ats_id,lms_id,perf_id,full_name,email,date_of_birth,branch_name,branch_code,job_title_raw,start_date_hris,start_date_ats,manager_name,skills_raw,last_performance_rating,performance_scale_used,performance_history_years,trainings_completed,trainings_count,employment_status
1,EMP-2000,,lms-sari.nasution@medika-nusantara.co.id,perf_8751,Sari Nasution,sari.nasution@medika-nusantara.co.id,08-04-1985,Banjarmasin,BJM-01,Senior Medical Representative,04-12-2019,,Sukarno Halim,,D,letter,2,,0,Active
2,EMP-2001,,,perf_5783,Cahaya Hartono,cahaya.hartono@medika-nusantara.co.id,1994-04-15,Jakarta Pusat,JKT-01,Senior Medical Representative,2022-05-26,,Budi Hartono,,,numeric_5,1,Medical Detailing Workshop,1,Active
3,EMP-2002,candidate_725,lms-anggun.pratama@medika-nusantara.co.id,perf_2978,Anggun Pratama,anggun.pratama@medika-nusantara.co.id,04/09/1997,Denpasar,DPS-01,Sr. Sales,18/02/2021,18/02/2021,Budi Hartono,"Territory Management, Pharmaceutical Product Knowledge, B2B Sales",C,letter,2,"Advanced Negotiation 2024, Pharmaceutical Compliance Basics, B2B Sales Mastery",3,Active
4,EMP-2003,,lms-wahyu.iskandar@medika-nusantara.co.id,,Wahyu Iskandar,wahyu.iskandar@medika-nusantara.co.id,21-10-1972,Semarang,SMG-01,Sales Senior,24-09-2019,,Budi Hartono,,67%,percentage,0,"Pharmaceutical Compliance Basics, Medical Detailing Workshop, Advanced Negotiation 2024",1,Active
5,EMP-2004,,lms-reza.halim@medika-nusantara.co.id,perf_3845,Reza Halim,reza.halim@medika-nusantara.co.id,1999-07-21,Bandung,BDG-01,Sales Senior,2021-03-09,,Mega Wijaya,,3,numeric_5,3,"Territory Management 101, Customer Relationship Excellence",2,Active
6,EMP-2005,,,,Eko Widjaja,eko.widjaja@medika-nusantara.co.id,03/21/1975,Manado,MND-01,Sr. Medical Rep,11/14/2019,,Rina Maulana,,84%,percentage,0,"Territory Management 101, Advanced Negotiation 2024",2,Active
7,EMP-2006,candidate_866,lms-tika.santoso@medika-nusantara.co.id,perf_9975,Tika Santoso,tika.santoso@medika-nusantara.co.id,06/07/1986,Palembang,PLB-01,Senior Medical Representative,24/01/2021,24/01/2021,Rina Maulana,,3,numeric_5,1,"Pharmaceutical Compliance Basics, B2B Sales Mastery",2,Active
8,EMP-2007,candidate_282,lms-mega.wijaya@medika-nusantara.co.id,,Mega Wijaya,,1975-06-27,Jakarta Selatan,JKT-02,Senior Medical Representative,2024-05-08,2024-05-08,Hadi Cahyadi,Territory Management|B2B Sales|Medical Detailing|Customer Relationship Management,B,letter,0,"Advanced Negotiation 2024, Territory Management 101",2,Active
9,EMP-2008,,lms-roni.widjaja@medika-nusantara.co.id,perf_7920,Roni Widjaja,roni.widjaja@medika-nusantara.co.id,1995-04-18,Makassar,MKS-01,Senior Sales,2024-12-23,,Eko Kurniawan,,Below Average,descriptive,1,,0,Active
10,EMP-2009,,lms-sari.putri@medika-nusantara.co.id,perf_5695,Sari Putri,sari.putri@medika-nusantara.co.id,03/04/1971,Balikpapan,BPN-01,Medical Rep II,03/06/2018,,Hadi Cahyadi,Customer Relationship Management|Negotiation|Pharmaceutical Product Knowledge,5,numeric_5,2,,0,Active
11,EMP-2010,candidate_730,,,Slamet Halim,slamet.halim@medika-nusantara.co.id,22-02-1974,Bogor,BGR-01,Sr. Medical Rep,14-06-2021,14-06-2021,Mega Wijaya,,C,letter,0,"Advanced Negotiation 2024, Pharmaceutical Compliance Basics, Territory Management 101, B2B Sales Mastery",4,Active
12,EMP-2011,candidate_907,,perf_6122,Hadi Wibowo,hadi.wibowo@medika-nusantara.co.id,1974-01-21,Semarang,SMG-01,Senior Sales,2022-01-03,2022-01-03,Hadi Cahyadi,"Negotiation, Medical Detailing, Territory Management, B2B Sales",98%,percentage,1,"Advanced Negotiation 2024, Pharmaceutical Compliance Basics, Customer Relationship Excellence, B2B Sales Mastery",4,Active
13,EMP-2012,candidate_301,lms-lia.tjahjadi@medika-nusantara.co.id,perf_4170,Lia Tjahjadi,lia.tjahjadi@medika-nusantara.co.id,07-03-1999,Pontianak,PTK-01,Medical Rep II,02-04-2020,02-04-2020,Rina Maulana,,Average,descriptive,3,,0,Active
14,EMP-2013,candidate_538,lms-rina.widjaja@medika-nusantara.co.id,perf_5329,Rina Widjaja,,20/02/1979,Semarang,SMG-01,Sales Senior,28/11/2018,17/05/2018,Joko Pratama,B2B Sales,74%,percentage,3,"Territory Management 101, B2B Sales Mastery",2,Active
15,,candidate_730,,,"Widjaja, Rina",rina.widjaja@medika-nusantara.com,1979-02-20,Semarang,SMG-01,Medical Rep II,,2019-01-14,,,,,0,,0,Active
16,EMP-2014,candidate_466,lms-surya.lestari@medika-nusantara.co.id,perf_6207,Surya Lestari,surya.lestari@medika-nusantara.co.id,21/11/1976,Jakarta Timur,JKT-03,Sr. Medical Rep,11/08/2020,21/03/2020,Budi Hartono,Negotiation,Below Average,descriptive,1,,0,Active
17,EMP-2015,candidate_439,lms-yuli.nugroho@medika-nusantara.co.id,perf_4579,Yuli Nugroho,yuli.nugroho@medika-nusantara.co.id,1978-08-27,Manado,MND-01,Senior Med Rep,2022-12-10,2022-12-10,Mega Wijaya,,84%,percentage,3,"Advanced Negotiation 2024, Pharmaceutical Compliance Basics, Medical Detailing Workshop, B2B Sales Mastery",4,Active
18,EMP-2016,candidate_428,lms-cahaya.permana@medika-nusantara.co.id,perf_2857,Cahaya Permana,cahaya.permana@medika-nusantara.co.id,11/21/1981,Pekanbaru,PKB-01,Sr. Sales,05/17/2024,05/17/2024,Siti Nasution,B2B Sales,86%,percentage,2,,0,Active
19,EMP-2017,candidate_767,lms-indra.hartono@medika-nusantara.co.id,perf_9419,Indra Hartono,,1968-02-03,Jakarta Selatan,,Sales 2,2023-03-18,2023-03-18,Sukarno Halim,,C,letter,3,,0,Active
20,EMP-2018,candidate_786,lms-hendra.tanuwijaya@medika-nusantara.co.id,perf_4492,Hendra Tanuwijaya,hendra.tanuwijaya@medika-nusantara.co.id,1974-06-25,Bandung,BDG-01,Sr. Sales,2022-07-20,2022-07-20,Diana Susanto,,4,numeric_5,2,Medical Detailing Workshop,1,Active
21,EMP-2019,candidate_802,lms-indah.saputra@medika-nusantara.co.id,perf_8523,Indah Saputra,indah.saputra@medika-nusantara.co.id,1974-07-28,Makassar,MKS-01,Senior Medical Representative,2018-08-08,2018-08-08,Diana Susanto,,Excellent,descriptive,1,"Medical Detailing Workshop, Advanced Negotiation 2024",0,Active
22,EMP-2020,candidate_745,lms-rosa.hartono@medika-nusantara.co.id,perf_6183,Rosa Hartono,rosa.hartono@medika-nusantara.co.id,04-01-1989,Palembang,PLB-01,Senior Sales,19-03-2020,19-03-2020,Andi Tanuwijaya,B2B Sales,3,numeric_5,3,Medical Detailing Workshop,1,Active
23,EMP-2021,candidate_614,lms-indah.pratama@medika-nusantara.co.id,perf_5937,Indah Pratama,indah.pratama@medika-nusantara.co.id,01/17/1995,Makassar,MKS-01,Sales 2,09/22/2024,09/22/2024,Wahyu Setiawan,Negotiation; B2B Sales; Customer Relationship Management; Medical Detailing,Good,descriptive,1,"Advanced Negotiation 2024, Medical Detailing Workshop, Territory Management 101",3,Active
24,EMP-2022,candidate_916,lms-slamet.tanuwijaya@medika-nusantara.co.id,perf_5832,Slamet Tanuwijaya,,11/24/1992,Denpasar,DPS-01,Sales Senior,10/19/2019,10/19/2019,Rina Maulana,Territory Management|B2B Sales|Customer Relationship Management|Pharmaceutical Product Knowledge|Medical Detailing|Negotiation,C,letter,2,"Territory Management 101, Medical Detailing Workshop, Customer Relationship Excellence",3,Active
25,EMP-2023,candidate_105,lms-anggun.nasution@medika-nusantara.co.id,perf_7456,Anggun Nasution,anggun.nasution@medika-nusantara.co.id,11/03/1978,Manado,MND-01,Sales 2,09/22/2020,09/22/2020,Eko Kurniawan,,,percentage,3,,0,Active
26,,candidate_245,,,anggun nasution,anggun.nasution@medika-nusantara.com,1978-11-03,Manado,MND-01,Sales Senior,,2020-08-13,,,,,0,,0,Active
27,EMP-2024,,lms-slamet.gunawan@medika-nusantara.co.id,,Slamet Gunawan,slamet.gunawan@medika-nusantara.co.id,1980-12-23,Semarang,SMG-01,Sales Senior,2021-08-13,,Joko Pratama,Medical Detailing|B2B Sales|Territory Management|Pharmaceutical Product Knowledge,77%,percentage,0,B2B Sales Mastery,1,Active
28,EMP-2025,candidate_598,,perf_6851,Adi Tjahjadi,adi.tjahjadi@medika-nusantara.co.id,17/11/1997,Malang,MLG-01,Sales Senior,11/10/2022,11/10/2022,Rina Maulana,,Good,descriptive,1,Pharmaceutical Compliance Basics,1,Active
29,EMP-2026,candidate_698,lms-agus.putri@medika-nusantara.co.id,perf_6971,Agus Putri,agus.putri@medika-nusantara.co.id,09-04-1986,Jakarta Timur,JKT-03,Senior Medical Representative,18-06-2020,18-06-2020,Rina Maulana,,,descriptive,2,Pharmaceutical Compliance Basics,1,Active
30,EMP-2027,candidate_795,lms-slamet.lestari@medika-nusantara.co.id,perf_8863,Slamet Lestari,slamet.lestari@medika-nusantara.co.id,13-10-1969,Denpasar,DPS-01,Senior Med Rep,12-01-2021,12-01-2021,Dewi Iskandar,,C,letter,2,"Advanced Negotiation 2024, Customer Relationship Excellence",2,Active
31,EMP-2028,,lms-vina.kurniawan@medika-nusantara.co.id,perf_9824,Vina Kurniawan,vina.kurniawan@medika-nusantara.co.id,01/13/2002,Jakarta Pusat,JKT-01,Sr. Medical Rep,10/22/2022,,Budi Hartono,Medical Detailing,3,numeric_5,2,"Pharmaceutical Compliance Basics, Advanced Negotiation 2024, Medical Detailing Workshop, B2B Sales Mastery",4,Active
32,EMP-2029,,lms-slamet.setiawan@medika-nusantara.co.id,perf_4485,Slamet Setiawan,slamet.setiawan@medika-nusantara.co.id,08/01/1973,Tangerang,TNG-01,Senior Sales,09/02/2023,,Eko Kurniawan,Medical Detailing|B2B Sales|Territory Management|Negotiation,,percentage,2,"Pharmaceutical Compliance Basics, Advanced Negotiation 2024, B2B Sales Mastery, Territory Management 101",4,Active
33,EMP-2030,candidate_977,lms-surya.salim@medika-nusantara.co.id,perf_8613,Surya Salim,surya.salim@medika-nusantara.co.id,20-03-1991,Surabaya,SBY-01,Sales 2,23-12-2022,23-12-2022,Eko Kurniawan,,92%,percentage,1,"Customer Relationship Excellence, B2B Sales Mastery",2,Active
34,EMP-2031,candidate_556,lms-wati.iskandar@medika-nusantara.co.id,perf_3395,Wati Iskandar,wati.iskandar@medika-nusantara.co.id,11/20/1987,Pontianak,PTK-01,Senior Med Rep,02/26/2024,02/26/2024,Hadi Cahyadi,,,descriptive,2,"Advanced Negotiation 2024, Territory Management 101, Medical Detailing Workshop",3,Active
35,EMP-2032,candidate_910,lms-sinta.gunawan@medika-nusantara.co.id,,Sinta Gunawan,,05-12-1997,Balikpapan,BPN-01,Junior MR,24-03-2021,24-03-2021,Hadi Cahyadi,"Basic Sales Techniques, Reporting, Customer Service",4,numeric_5,0,Pharmaceutical Compliance Basics,1,Active
36,EMP-2033,candidate_692,lms-hari.permana@medika-nusantara.co.id,perf_3848,Hari Permana,hari.permana@medika-nusantara.co.id,28-08-1969,Makassar,MKS-01,Jr Sales,16-03-2020,16-03-2020,Hadi Cahyadi,,,descriptive,3,"Territory Management 101, Pharmaceutical Compliance Basics",2,Active
37,EMP-2034,candidate_461,lms-rama.sutrisno@medika-nusantara.co.id,perf_6653,Rama Sutrisno,rama.sutrisno@medika-nusantara.co.id,26-08-1999,Semarang,SMG-01,Junior MR,10-02-2018,10-02-2018,Budi Hartono,"Customer Service, Basic Sales Techniques",75%,percentage,3,"Territory Management 101, Medical Detailing Workshop",2,Active
38,EMP-2035,candidate_834,lms-bagas.setiawan@medika-nusantara.co.id,perf_4773,Bagas Setiawan,bagas.setiawan@medika-nusantara.co.id,02/24/1982,Banjarmasin,BJM-01,Jr Sales,06/04/2019,06/04/2019,Siti Nasution,Customer Service; Time Management; Pharmaceutical Product Knowledge; Reporting,A,letter,3,"Territory Management 101, B2B Sales Mastery, Medical Detailing Workshop",3,Active
39,EMP-2036,candidate_706,lms-ahmad.iskandar@medika-nusantara.co.id,,Ahmad Iskandar,ahmad.iskandar@medika-nusantara.co.id,09/03/2002,Denpasar,DPS-01,Sales 1,18/01/2018,18/01/2018,Hadi Cahyadi,,E,letter,0,"Customer Relationship Excellence, Medical Detailing Workshop",2,Active
40,EMP-2037,candidate_836,lms-toni.putri@medika-nusantara.co.id,perf_5644,Toni Putri,toni.putri@medika-nusantara.co.id,05/03/1971,Jakarta Timur,JKT-03,Sales Junior,10/10/2024,10/10/2024,Hadi Cahyadi,Pharmaceutical Product Knowledge; Reporting,Good,descriptive,1,"Territory Management 101, Pharmaceutical Compliance Basics",2,Active
41,EMP-2038,candidate_775,lms-ratna.nugroho@medika-nusantara.co.id,perf_3747,Ratna Nugroho,ratnanugroho@medika-nusantaracoid,24-10-1971,Makassar,MKS-01,Sales Officer,21-04-2018,21-04-2018,Hadi Cahyadi,"Pharmaceutical Product Knowledge, Customer Service",Average,descriptive,2,"Pharmaceutical Compliance Basics, Advanced Negotiation 2024",2,Active
42,EMP-2039,candidate_946,lms-galih.iskandar@medika-nusantara.co.id,perf_2577,Galih Iskandar,galih.iskandar@medika-nusantara.co.id,22-02-1997,Pontianak,PTK-01,Jr. Medical Rep,26-05-2019,19-02-2019,Eko Kurniawan,Customer Service,Good,descriptive,2,"Pharmaceutical Compliance Basics, Advanced Negotiation 2024, Territory Management 101, Customer Relationship Excellence",4,Active
43,EMP-2040,candidate_101,,perf_8069,Bayu Iskandar,bayu.iskandar@medika-nusantara.co.id,12/13/1987,Pekanbaru,PKB-01,Jr Sales,09/18/2020,09/18/2020,Eko Kurniawan,Pharmaceutical Product Knowledge|Time Management|Customer Service|Basic Sales Techniques,93%,percentage,3,"Advanced Negotiation 2024, B2B Sales Mastery, Pharmaceutical Compliance Basics",3,Active
44,EMP-2041,,lms-wahyu.cahyadi@medika-nusantara.co.id,perf_2600,Wahyu Cahyadi,wahyu.cahyadi@medika-nusantara.co.id,16/03/1970,Palembang,PLB-01,Jr Sales,15/11/2022,,Mega Wijaya,,3,numeric_5,2,"Advanced Negotiation 2024, Customer Relationship Excellence, Medical Detailing Workshop, Pharmaceutical Compliance Basics",4,Active
45,EMP-2042,candidate_363,lms-rini.tanuwijaya@medika-nusantara.co.id,perf_1116,Rini Tanuwijaya,rini.tanuwijaya@medika-nusantara.co.id,1993-09-02,Palembang,PLB-01,Sales Junior,2021-02-11,2021-02-11,Eko Kurniawan,,,numeric_5,2,"Territory Management 101, Customer Relationship Excellence, B2B Sales Mastery",3,Active
46,EMP-2043,candidate_367,,perf_7939,Dita Pratama,dita.pratama@medika-nusantara.co.id,05/18/1981,Pekanbaru,PKB-01,Sales Officer,05/15/2019,05/15/2019,Joko Pratama,Pharmaceutical Product Knowledge,,percentage,2,Territory Management 101,1,On Leave
47,EMP-2044,candidate_414,lms-putri.santoso@medika-nusantara.co.id,perf_7522,Putri Santoso,putri.santoso@medika-nusantara.co.id,1977-08-23,Palembang,PLB-01,Jr. Medical Rep,2020-09-23,2020-09-23,Mega Wijaya,Reporting; Time Management,5,numeric_5,2,"Customer Relationship Excellence, Pharmaceutical Compliance Basics",2,Active
48,EMP-2045,candidate_153,lms-slamet.permana@medika-nusantara.co.id,perf_1086,Slamet Permana,slamet.permana@medika-nusantara.co.id,27/05/2000,Denpasar,DPS-01,Sales Junior,24/05/2018,10/10/2017,Budi Hartono,Time Management|Reporting|Pharmaceutical Product Knowledge|Customer Service,B,letter,1,Territory Management 101,0,Active
49,EMP-2046,candidate_771,lms-maya.cahyadi@medika-nusantara.co.id,perf_1941,Maya Cahyadi,maya.cahyadi@medika-nusantara.co.id,28-04-1992,Yogyakarta,YGY-01,Jr. Medical Rep,02-07-2024,02-07-2024,Sukarno Halim,"Reporting, Time Management, Customer Service, Pharmaceutical Product Knowledge, Basic Sales Techniques",,descriptive,3,"Pharmaceutical Compliance Basics, Territory Management 101, Medical Detailing Workshop, Advanced Negotiation 2024, B2B Sales Mastery",5,Active
50,EMP-2047,candidate_136,lms-yusuf.putri@medika-nusantara.co.id,perf_1004,Yusuf Putri,yusuf.putri@medika-nusantara.co.id,1998-05-11,Jakarta Timur,JKT-03,Jr. Medical Rep,2022-12-13,2022-10-09,Joko Pratama,Time Management; Reporting; Customer Service,Average,descriptive,3,"Advanced Negotiation 2024, Territory Management 101, B2B Sales Mastery, Customer Relationship Excellence",4,Active
51,EMP-2048,candidate_843,lms-rudi.salim@medika-nusantara.co.id,perf_6703,Rudi Salim,rudi.salim@medika-nusantara.co.id,08/06/1974,Jakarta Selatan,JKT-02,Sales Officer,05/01/2023,01/02/2023,Mega Wijaya,,C,letter,2,"Pharmaceutical Compliance Basics, Territory Management 101",2,Active
52,EMP-2049,candidate_174,lms-hari.maulana@medika-nusantara.co.id,perf_6570,Hari Maulana,,08/19/1983,Palembang,PLB-01,Sales Junior,04/15/2019,04/15/2019,Siti Nasution,Basic Sales Techniques|Pharmaceutical Product Knowledge|Customer Service,5,numeric_5,3,"Pharmaceutical Compliance Basics, Advanced Negotiation 2024, Customer Relationship Excellence",3,Active
53,EMP-2050,,,perf_8517,Surya Wibowo,,1987-04-13,Semarang,SMG-01,Junior MR,2024-08-04,,Wahyu Setiawan,Time Management,75%,percentage,2,"Medical Detailing Workshop, Advanced Negotiation 2024, Customer Relationship Excellence, Pharmaceutical Compliance Basics, Territory Management 101",5,On Leave
54,EMP-2051,candidate_423,lms-lia.suryadi@medika-nusantara.co.id,perf_6785,Lia Suryadi,lia.suryadi@medika-nusantara.co.id,04/20/1986,Makassar,MKS-01,Sales 1,06/08/2024,06/08/2024,Mega Wijaya,,,descriptive,1,Customer Relationship Excellence,2,Active
55,EMP-2052,candidate_323,,,Slamet Saputra,slamet.saputra@medika-nusantara.co.id,26/03/1980,Balikpapan,BPN-01,Medical Rep I,17/06/2022,17/06/2022,Joko Pratama,Customer Service|Basic Sales Techniques,5,numeric_5,0,"Medical Detailing Workshop, Advanced Negotiation 2024, Customer Relationship Excellence",3,Active
56,,candidate_954,,,Slamet Saputra,slamet.saputra@medika-nusantara.com,1980-03-26,Balikpapan,BPN-01,Sales Officer,,2022-05-19,,,,,0,,0,Active
57,EMP-2053,candidate_180,lms-intan.widjaja@medika-nusantara.co.id,perf_9071,Intan Widjaja,intan.widjaja@medika-nusantara.co.id,1991-02-26,Banjarmasin,BJM-01,Sales 1,2021-01-09,2021-01-09,Andi Tanuwijaya,Reporting; Basic Sales Techniques; Time Management,B,letter,3,"Medical Detailing Workshop, Territory Management 101, Customer Relationship Excellence",3,Active
58,EMP-2054,candidate_882,,perf_5591,Reza Hakim,reza.hakim@medika-nusantara.co.id,03/11/1982,Denpasar,DPS-01,Jr Sales,23/08/2023,28/01/2023,Rina Maulana,Reporting,,letter,1,Customer Relationship Excellence,1,Active
59,EMP-2055,candidate_278,lms-yono.susanto@medika-nusantara.co.id,perf_2972,Yono Susanto,yono.susanto@medika-nusantara.co.id,07/21/1977,Bogor,BGR-01,Junior MR,08/20/2018,08/20/2018,Rina Maulana,"Pharmaceutical Product Knowledge, Basic Sales Techniques",,letter,2,"Pharmaceutical Compliance Basics, Medical Detailing Workshop",2,Active
60,EMP-2056,candidate_375,lms-dewi.lestari@medika-nusantara.co.id,perf_6621,Dewi Lestari,dewi.lestari@medika-nusantara.co.id,04/04/1985,Makassar,MKS-01,Sales Officer,03/08/2024,03/08/2024,Joko Pratama,"Time Management, Pharmaceutical Product Knowledge, Reporting, Customer Service",Average,descriptive,3,"Territory Management 101, Pharmaceutical Compliance Basics, Advanced Negotiation 2024, Medical Detailing Workshop, Customer Relationship Excellence",5,Active
61,EMP-2057,candidate_689,lms-ahmad.setiawan@medika-nusantara.co.id,,Ahmad Setiawan,ahmad.setiawan@medika-nusantara.co.id,03/18/1977,Jakarta Pusat,JKT-01,Sales Junior,03/04/2020,03/04/2020,Dewi Iskandar,Pharmaceutical Product Knowledge|Basic Sales Techniques,2,numeric_5,0,"Advanced Negotiation 2024, Pharmaceutical Compliance Basics",2,Active
62,,candidate_280,,,A. Setiawan,ahmad.setiawan@medika-nusantara.com,1977-03-18,Jakarta Pusat,JKT-01,Junior MR,,2020-02-26,,,,,0,,0,Active
63,EMP-2058,,lms-mega.wibowo@medika-nusantara.co.id,,Mega Wibowo,mega.wibowo@medika-nusantara.co.id,19-09-1991,Semarang,SMG-01,Sales Officer,17-08-2018,,Eko Kurniawan,,,percentage,0,"Customer Relationship Excellence, B2B Sales Mastery, Advanced Negotiation 2024, Pharmaceutical Compliance Basics, Medical Detailing Workshop",5,Active
64,EMP-2059,candidate_933,lms-reza.lestari@medika-nusantara.co.id,,Reza Lestari,,15-05-2001,Surabaya,,Sales Junior,14-10-2022,14-10-2022,Dewi Iskandar,Pharmaceutical Product Knowledge; Customer Service; Reporting,74%,percentage,0,"Customer Relationship Excellence, B2B Sales Mastery",2,Active
65,EMP-2060,candidate_988,lms-yusuf.tanuwijaya@medika-nusantara.co.id,perf_4259,Yusuf Tanuwijaya,yusuf.tanuwijaya@medika-nusantara.co.id,03/02/1998,Bogor,BGR-01,Warehouse Spv,03/02/2024,03/02/2024,Diana Susanto,Team Leadership; Inventory Control,A,letter,2,,0,Active
66,EMP-2061,candidate_728,lms-indra.widjaja@medika-nusantara.co.id,perf_3373,Indra Widjaja,indra.widjaja@medika-nusantara.co.id,20/05/1971,Pontianak,PTK-01,WH Supervisor,04/06/2020,13/02/2020,Dewi Iskandar,Inventory Control; Cold Chain Management; Team Leadership; WMS Operation,Good,descriptive,2,"Lean Warehouse Ops, Distribution Excellence, WMS Advanced Training, Cold Chain Management",4,Active
67,EMP-2062,candidate_768,lms-rosa.maulana@medika-nusantara.co.id,perf_5382,Rosa Maulana,rosa.maulana@medika-nusantara.co.id,22-10-1969,Jakarta Pusat,JKT-01,Warehouse Spv,09-12-2024,09-12-2024,Mega Wijaya,,3,numeric_5,2,"WMS Advanced Training, Cold Chain Management",2,Active
68,EMP-2063,candidate_288,,perf_3048,Rina Nasution,rina.nasution@medika-nusantara.co.id,13/04/2001,Medan,MDN-01,Penanggung Jawab Gudang,11/08/2021,11/08/2021,Hadi Cahyadi,Team Leadership,D,letter,2,"WMS Advanced Training, Cold Chain Management, Lean Warehouse Ops, Distribution Excellence",4,Active
69,EMP-2064,candidate_889,lms-faisal.salim@medika-nusantara.co.id,perf_2363,Faisal Salim,faisal.salim@medika-nusantara.co.id,02/12/2000,Pontianak,PTK-01,WHS Supervisor,02/10/2021,02/10/2021,Mega Wijaya,"Cold Chain Management, Team Leadership, Warehouse Management, WMS Operation",Below Average,descriptive,3,"Cold Chain Management, Distribution Excellence",2,Active
70,EMP-2065,,lms-bambang.wijaya@medika-nusantara.co.id,perf_6846,Bambang Wijaya,bambang.wijaya@medika-nusantara.co.id,12/14/1999,Banjarmasin,BJM-01,WH Supervisor,03/13/2019,,Eko Kurniawan,Inventory Control; Team Leadership; Warehouse Management; Cold Chain Management; WMS Operation,B,letter,2,"Distribution Excellence, Cold Chain Management",2,Active
71,EMP-2066,candidate_705,lms-rini.santoso@medika-nusantara.co.id,perf_8126,Rini Santoso,rini.santoso@medika-nusantara.co.id,01/11/1993,Tangerang,TNG-01,Warehouse Spv,10/15/2019,10/15/2019,Wahyu Setiawan,WMS Operation; Warehouse Management; Cold Chain Management,,percentage,3,"Distribution Excellence, Lean Warehouse Ops",2,Active
72,EMP-2067,candidate_635,lms-doni.putri@medika-nusantara.co.id,perf_3233,Doni Putri,doni.putri@medika-nusantara.co.id,11/04/2000,Tangerang,TNG-01,Supervisor Gudang,09/07/2022,09/07/2022,Diana Susanto,"Inventory Control, Cold Chain Management, Warehouse Management, Team Leadership",78%,percentage,3,WMS Advanced Training,1,Active
73,EMP-2068,candidate_482,lms-sinta.suryadi@medika-nusantara.co.id,perf_8161,Sinta Suryadi,sinta.suryadi@medika-nusantara.co.id,25/10/1997,Pontianak,PTK-01,Whs Spv,22/08/2022,22/08/2022,Eko Kurniawan,,Average,descriptive,3,"Distribution Excellence, WMS Advanced Training",2,Active
74,EMP-2069,candidate_882,lms-bagas.wibowo@medika-nusantara.co.id,perf_5454,Bagas Wibowo,bagas.wibowo@medika-nusantara.co.id,01/02/1996,Jakarta Timur,JKT-03,Supervisor Gudang,05/03/2020,05/03/2020,Budi Hartono,,Excellent,descriptive,2,"WMS Advanced Training, Distribution Excellence, Lean Warehouse Ops, Cold Chain Management",4,On Leave
75,EMP-2070,candidate_737,lms-rizki.pratama@medika-nusantara.co.id,perf_6253,Rizki Pratama,rizki.pratama@medika-nusantara.co.id,15/12/1983,Manado,,WHS Supervisor,17/09/2021,17/09/2021,Diana Susanto,,76%,percentage,3,"Lean Warehouse Ops, Distribution Excellence",1,Active
76,EMP-2071,candidate_115,lms-hari.nugroho@medika-nusantara.co.id,perf_6601,Hari Nugroho,hari.nugroho@medika-nusantara.co.id,12/28/1984,Bandung,BDG-01,Whs Spv,10/28/2023,10/28/2023,Budi Hartono,Warehouse Management; Inventory Control; WMS Operation,3,numeric_5,2,"Distribution Excellence, Cold Chain Management, Lean Warehouse Ops, WMS Advanced Training",4,Active
77,EMP-2072,candidate_894,lms-rosa.nasution@medika-nusantara.co.id,perf_9899,Rosa Nasution,rosanasution@medika-nusantaracoid,21/02/2001,Tangerang,TNG-01,Whs Spv,17/07/2023,17/07/2023,Siti Nasution,,98%,percentage,1,"Lean Warehouse Ops, WMS Advanced Training, Cold Chain Management, Distribution Excellence",4,Active
78,EMP-2073,candidate_553,lms-yono.hartanto@medika-nusantara.co.id,perf_1549,Yono Hartanto,,22-01-2001,Manado,MND-01,Spv Gudang,05-10-2020,05-10-2020,Hadi Cahyadi,"Inventory Control, Cold Chain Management",85%,percentage,1,"Cold Chain Management, WMS Advanced Training, Lean Warehouse Ops",3,Active
79,EMP-2074,candidate_862,,,Anggun Wibowo,anggun.wibowo@medika-nusantara.co.id,1982-09-08,Makassar,MKS-01,Warehouse Spv,2020-08-27,2020-08-27,Siti Nasution,,Good,descriptive,0,"Distribution Excellence, Cold Chain Management, Lean Warehouse Ops",3,Active
80,EMP-2075,candidate_748,lms-dani.hartono@medika-nusantara.co.id,perf_1246,Dani Hartono,danihartono@medika-nusantaracoid,12/28/1974,Jakarta Timur,JKT-03,Spv Gudang,02/10/2022,02/10/2022,Joko Pratama,Team Leadership,Average,descriptive,3,,0,Active
81,EMP-2076,candidate_480,lms-vina.wijaya@medika-nusantara.co.id,perf_5075,Vina Wijaya,,13-01-1994,Bekasi,BKS-01,Logistics Coord,08-06-2022,08-06-2022,Mega Wijaya,,4,numeric_5,2,Cold Chain Management,1,Active
82,EMP-2077,candidate_760,lms-rama.iskandar@medika-nusantara.co.id,perf_9787,Rama Iskandar,rama.iskandar@medika-nusantara.co.id,16/12/1976,Jakarta Timur,JKT-03,Logistik Koordinator,01/10/2021,01/10/2021,Andi Tanuwijaya,Vendor Management; Route Optimization; Distribution Planning,Good,descriptive,1,"Distribution Excellence, Cold Chain Management",2,Active
83,,candidate_486,,,"Iskandar, Rama",rama.iskandar@medika-nusantara.com,1976-12-16,Jakarta Timur,JKT-03,Distribution Officer,,2021-09-16,,,,,0,,0,Active
84,EMP-2078,,lms-bayu.putri@medika-nusantara.co.id,perf_8168,Bayu Putri,bayu.putri@medika-nusantara.co.id,08/20/1975,Balikpapan,BPN-01,Koordinator Distribusi,01/21/2022,,Rina Maulana,Route Optimization; GPS Tracking,1,numeric_5,2,"WMS Advanced Training, Lean Warehouse Ops, Distribution Excellence",3,On Leave
85,EMP-2079,,lms-roni.hartono@medika-nusantara.co.id,perf_3627,Roni Hartono,roni.hartono@medika-nusantara.co.id,18/09/2000,Pekanbaru,PKB-01,Logistik Koordinator,28/07/2018,,Andi Tanuwijaya,Excel Advanced; Vendor Management; Route Optimization,64%,percentage,2,"Lean Warehouse Ops, Cold Chain Management, WMS Advanced Training",3,Active
86,EMP-2080,,lms-tika.kurniawan@medika-nusantara.co.id,perf_6965,Tika Kurniawan,tika.kurniawan@medika-nusantara.co.id,18/06/1970,Malang,MLG-01,Koordinator Distribusi,06/11/2020,,Sukarno Halim,,Below Average,descriptive,3,,0,Active
87,EMP-2081,candidate_799,lms-tono.hartanto@medika-nusantara.co.id,perf_3525,Tono Hartanto,tono.hartanto@medika-nusantara.co.id,08/09/2002,Denpasar,DPS-01,Koordinator Distribusi,11/07/2018,08/03/2018,Mega Wijaya,,B,letter,1,"Distribution Excellence, WMS Advanced Training, Lean Warehouse Ops",3,Active
88,EMP-2082,candidate_209,lms-roni.setiawan@medika-nusantara.co.id,perf_2617,Roni Setiawan,roni.setiawan@medika-nusantara.co.id,14-12-1973,Medan,MDN-01,Logistik Koordinator,20-07-2018,20-07-2018,Hadi Cahyadi,Vendor Management|GPS Tracking|Distribution Planning|Excel Advanced|Route Optimization,E,letter,2,"Lean Warehouse Ops, WMS Advanced Training, Distribution Excellence",3,Active
89,EMP-2083,,lms-yuli.maulana@medika-nusantara.co.id,perf_9051,Yuli Maulana,,21-05-1995,Bekasi,BKS-01,Logistik Koordinator,03-01-2024,,Budi Hartono,"GPS Tracking, Route Optimization, Distribution Planning",2,numeric_5,2,"Distribution Excellence, Cold Chain Management, Lean Warehouse Ops, WMS Advanced Training",4,Active
90,EMP-2084,candidate_825,lms-diana.kurniawan@medika-nusantara.co.id,perf_5355,Diana Kurniawan,,1996-06-12,Bandung,BDG-01,Koordinator Distribusi,2021-02-19,2020-09-24,Andi Tanuwijaya,Vendor Management,3,numeric_5,3,"Cold Chain Management, Lean Warehouse Ops, Distribution Excellence, WMS Advanced Training",4,Active
91,EMP-2085,candidate_638,lms-agus.halim@medika-nusantara.co.id,perf_3931,Agus Halim,agus.halim@medika-nusantara.co.id,16-12-1986,Jakarta Timur,JKT-03,Koordinator Distribusi,05-02-2019,05-02-2019,Wahyu Setiawan,Route Optimization|Excel Advanced|Distribution Planning,Good,descriptive,3,"Cold Chain Management, Lean Warehouse Ops, WMS Advanced Training",3,Active
92,EMP-2086,candidate_616,lms-ani.tjahjadi@medika-nusantara.co.id,perf_3591,Ani Tjahjadi,ani.tjahjadi@medika-nusantara.co.id,08-09-1991,Bandung,BDG-01,Koordinator Distribusi,26-04-2018,26-04-2018,Eko Kurniawan,Excel Advanced; Distribution Planning; Route Optimization,4,numeric_5,2,"Lean Warehouse Ops, WMS Advanced Training",2,Active
93,EMP-2087,candidate_723,lms-tono.iskandar@medika-nusantara.co.id,perf_9939,Tono Iskandar,tono.iskandar@medika-nusantara.co.id,14-09-1998,Pontianak,,Logistics Coord,27-07-2024,27-07-2024,Mega Wijaya,Route Optimization|Vendor Management,Average,descriptive,2,,0,Active
94,,candidate_391,,,T. Iskandar,,1998-09-14,Pontianak,PTK-01,Logistik Koordinator,,2024-08-12,,,,,0,,0,Active
95,EMP-2088,,lms-sinta.cahyadi@medika-nusantara.co.id,perf_5920,Sinta Cahyadi,sinta.cahyadi@medika-nusantara.co.id,14/03/1979,Surabaya,SBY-01,Logistics Coord,27/01/2022,,Rina Maulana,"Route Optimization, Vendor Management, Distribution Planning",66%,percentage,2,"WMS Advanced Training, Distribution Excellence, Lean Warehouse Ops, Cold Chain Management",4,Active
96,EMP-2089,candidate_259,lms-diana.hartono@medika-nusantara.co.id,,Diana Hartono,diana.hartono@medika-nusantara.co.id,21/09/1973,Bandung,BDG-01,Log. Coord.,19/10/2019,19/10/2019,Diana Susanto,,4,numeric_5,0,,0,Active
97,EMP-2090,candidate_840,lms-faisal.salim@medika-nusantara.co.id,perf_8905,Faisal Salim,faisal.salim@medika-nusantara.co.id,21-10-1994,Banjarmasin,BJM-01,Logistics Coord,21-08-2018,21-08-2018,Dewi Iskandar,Vendor Management,B,letter,1,Cold Chain Management,1,Active
98,EMP-2091,candidate_889,lms-yusuf.permana@medika-nusantara.co.id,,Yusuf Permana,yusuf.permana@medika-nusantara.co.id,28-12-1988,Tangerang,TNG-01,Distribution Coordinator,05-07-2020,18-07-2019,Sukarno Halim,"GPS Tracking, Distribution Planning",77%,percentage,0,,0,Active
99,EMP-2092,candidate_142,lms-slamet.hidayat@medika-nusantara.co.id,perf_3450,Slamet Hidayat,,19/06/1978,Medan,MDN-01,Apotek,07/06/2023,07/06/2023,Joko Pratama,,C,letter,3,"BPOM Regulatory Update 2024, GDP Refresher",2,Active
100,EMP-2093,candidate_192,lms-galih.suryadi@medika-nusantara.co.id,,Galih Suryadi,galih.suryadi@medika-nusantara.co.id,18-05-1998,Bandung,BDG-01,Apotek,14-02-2018,14-02-2018,Rina Maulana,,3,numeric_5,0,"GDP Refresher, Pharmaceutical Audit",2,Active
101,,candidate_613,,,GALIH SURYADI,galih.suryadi@medika-nusantara.com,1998-05-18,Bandung,BDG-01,Pharmaceutical Specialist,,2018-02-09,,,,,0,,0,Active
102,EMP-2094,candidate_672,lms-bambang.kurniawan@medika-nusantara.co.id,perf_7476,Bambang Kurniawan,bambang.kurniawan@medika-nusantara.co.id,12/07/1974,Tangerang,TNG-01,Pharmaceutical Specialist,18/06/2024,18/06/2024,Hadi Cahyadi,Drug Safety|BPOM Regulation|Inventory Management,,percentage,3,,0,Active
103,EMP-2095,,lms-arif.kurniawan@medika-nusantara.co.id,perf_7776,Arif Kurniawan,arifkurniawan@medika-nusantaracoid,10/11/1988,Denpasar,DPS-01,Pharmacist Officer,07/20/2019,,Wahyu Setiawan,,C,letter,3,"Drug Safety Reporting, GDP Refresher, BPOM Regulatory Update 2024, Pharmaceutical Audit",4,Active
104,EMP-2096,,lms-diana.suryadi@medika-nusantara.co.id,perf_8245,Diana Suryadi,diana.suryadi@medika-nusantara.co.id,26/11/1984,Semarang,SMG-01,Apt.,19/10/2024,,Mega Wijaya,"Pharmaceutical Compliance, BPOM Regulation",,percentage,1,"GDP Refresher, BPOM Regulatory Update 2024, Drug Safety Reporting, Pharmaceutical Audit",4,Active
105,EMP-2097,candidate_348,,perf_3419,Arif Salim,arif.salim@medika-nusantara.co.id,1998-12-24,Balikpapan,BPN-01,Apotek,2018-12-05,2018-12-05,Rina Maulana,,5,numeric_5,2,"Pharmaceutical Audit, GDP Refresher",2,Active
106,EMP-2098,candidate_659,lms-surya.maulana@medika-nusantara.co.id,perf_5237,Surya Maulana,suryamaulana@medika-nusantaracoid,08-04-1998,Semarang,SMG-01,Apt.,10-09-2020,10-09-2020,Wahyu Setiawan,Inventory Management,75%,percentage,3,Drug Safety Reporting,1,Active
107,EMP-2099,,lms-yono.lestari@medika-nusantara.co.id,perf_1869,Yono Lestari,yono.lestari@medika-nusantara.co.id,1993-06-25,Jakarta Selatan,JKT-02,Pharmacist Officer,2024-03-10,,Mega Wijaya,,A,letter,2,"GDP Refresher, BPOM Regulatory Update 2024, Pharmaceutical Audit",3,Active
108,EMP-2100,candidate_399,,perf_7332,Maya Hidayat,maya.hidayat@medika-nusantara.co.id,17-11-1971,Jakarta Selatan,JKT-02,Pharm.,08-11-2019,30-06-2019,Mega Wijaya,BPOM Regulation,A,letter,3,"GDP Refresher, BPOM Regulatory Update 2024",2,Active
109,EMP-2101,candidate_829,lms-tari.suryadi@medika-nusantara.co.id,perf_5053,Tari Suryadi,tari.suryadi@medika-nusantara.co.id,11/07/1998,Denpasar,DPS-01,Apt.,05/11/2024,05/11/2024,Hadi Cahyadi,,A,letter,1,"GDP Refresher, Pharmaceutical Audit, BPOM Regulatory Update 2024, Drug Safety Reporting",4,Active
110,EMP-2102,candidate_613,lms-endah.hakim@medika-nusantara.co.id,,Endah Hakim,endah.hakim@medika-nusantara.co.id,01/01/1986,Surabaya,SBY-01,Apoteker,10/20/2020,03/09/2020,Mega Wijaya,"Inventory Management, BPOM Regulation, Prescription Review",53%,percentage,0,"GDP Refresher, Drug Safety Reporting, Pharmaceutical Audit, BPOM Regulatory Update 2024",4,Active
111,EMP-2103,candidate_993,lms-cahaya.saputra@medika-nusantara.co.id,perf_4726,Cahaya Saputra,cahaya.saputra@medika-nusantara.co.id,11/12/1968,Makassar,MKS-01,Pharmacist Officer,19/05/2024,19/05/2024,Mega Wijaya,Prescription Review; BPOM Regulation,Good,descriptive,1,"BPOM Regulatory Update 2024, GDP Refresher",2,Active
112,EMP-2104,candidate_919,lms-sari.setiawan@medika-nusantara.co.id,perf_3262,Sari Setiawan,sari.setiawan@medika-nusantara.co.id,15/04/1992,Denpasar,DPS-01,Apotek,11/05/2024,11/05/2024,Dewi Iskandar,"Prescription Review, Pharmaceutical Compliance, Drug Safety, Inventory Management, BPOM Regulation",,letter,1,,0,Active
113,EMP-2105,candidate_425,lms-tari.iskandar@medika-nusantara.co.id,perf_3384,Tari Iskandar,,1987-12-04,Manado,MND-01,Pharmaceutical Specialist,2023-05-12,2023-05-12,Hadi Cahyadi,Drug Safety; Prescription Review,74%,percentage,2,Drug Safety Reporting,1,Active
114,EMP-2106,candidate_897,lms-rosa.halim@medika-nusantara.co.id,perf_3155,Rosa Halim,rosa.halim@medika-nusantara.co.id,1983-11-25,Malang,MLG-01,Pharm.,2022-02-17,2022-02-17,Andi Tanuwijaya,Inventory Management|Pharmaceutical Compliance|Prescription Review|BPOM Regulation|Drug Safety,Average,descriptive,2,"GDP Refresher, Drug Safety Reporting, BPOM Regulatory Update 2024, Pharmaceutical Audit",4,Active
115,EMP-2107,candidate_804,lms-mega.putri@medika-nusantara.co.id,perf_3196,Mega Putri,mega.putri@medika-nusantara.co.id,26-08-2000,Balikpapan,,Apt.,05-08-2018,05-08-2018,Wahyu Setiawan,BPOM Regulation; Pharmaceutical Compliance,3,numeric_5,3,"Drug Safety Reporting, Pharmaceutical Audit, BPOM Regulatory Update 2024",3,Active
116,EMP-2108,,lms-indra.sari@medika-nusantara.co.id,perf_5421,Indra Sari,indra.sari@medika-nusantara.co.id,02/09/1972,Denpasar,DPS-01,Pharmacist Officer,02/08/2018,,Dewi Iskandar,"Drug Safety, Prescription Review",B,letter,3,"Pharmaceutical Audit, GDP Refresher",0,Active
117,EMP-2109,candidate_352,lms-endah.hartono@medika-nusantara.co.id,perf_1685,Endah Hartono,endah.hartono@medika-nusantara.co.id,28-11-1976,Banjarmasin,BJM-01,Apt.,06-02-2020,04-09-2019,Joko Pratama,Prescription Review,C,letter,3,"BPOM Regulatory Update 2024, GDP Refresher, Drug Safety Reporting, Pharmaceutical Audit",4,Active
118,EMP-2110,candidate_852,lms-dimas.hakim@medika-nusantara.co.id,perf_7347,Dimas Hakim,dimas.hakim@medika-nusantara.co.id,1975-01-26,Jakarta Pusat,JKT-01,Apt.,2023-07-20,2023-07-20,Joko Pratama,,4,numeric_5,3,"Pharmaceutical Audit, Drug Safety Reporting",2,Active
119,EMP-2111,candidate_155,lms-iwan.hartono@medika-nusantara.co.id,perf_3330,Iwan Hartono,iwan.hartono@medika-nusantara.co.id,05-01-1981,Pontianak,PTK-01,Pharmacist Officer,08-05-2022,08-05-2022,Wahyu Setiawan,,,descriptive,3,"GDP Refresher, Pharmaceutical Audit, Drug Safety Reporting, BPOM Regulatory Update 2024",4,Active
120,EMP-2112,candidate_431,lms-ratna.hartono@medika-nusantara.co.id,perf_3930,Ratna Hartono,ratna.hartono@medika-nusantara.co.id,12/01/1999,Balikpapan,BPN-01,QC Officer,13/11/2023,13/11/2023,Wahyu Setiawan,"Documentation, Process Improvement, GDP Compliance",4,numeric_5,1,"Pharmaceutical Audit, BPOM Regulatory Update 2024",2,Active
121,EMP-2113,candidate_823,lms-eko.hartono@medika-nusantara.co.id,perf_6946,Eko Hartono,eko.hartono@medika-nusantara.co.id,18-07-1994,Semarang,SMG-01,QA Officer,13-03-2022,13-03-2022,Eko Kurniawan,Quality Audit|CAPA,65%,percentage,2,"Drug Safety Reporting, BPOM Regulatory Update 2024, Pharmaceutical Audit, GDP Refresher",4,Active
122,EMP-2114,,lms-faisal.suryadi@medika-nusantara.co.id,perf_3369,Faisal Suryadi,,1981-06-10,Surabaya,SBY-01,QA Staff,2018-04-07,,Siti Nasution,,74%,percentage,1,"Drug Safety Reporting, GDP Refresher, Pharmaceutical Audit, BPOM Regulatory Update 2024",4,Active
123,EMP-2115,candidate_234,,perf_1057,Putri Santoso,putri.santoso@medika-nusantara.co.id,06/07/1998,Jakarta Selatan,JKT-02,QA Specialist,06/14/2020,06/14/2020,Joko Pratama,,C,letter,1,GDP Refresher,1,Active
124,EMP-2116,candidate_775,lms-amalia.permana@medika-nusantara.co.id,perf_7719,Amalia Permana,amalia.permana@medika-nusantara.co.id,1984-08-24,Malang,MLG-01,QC Officer,2023-12-16,2023-12-16,Andi Tanuwijaya,CAPA,Average,descriptive,3,"Pharmaceutical Audit, BPOM Regulatory Update 2024, Drug Safety Reporting",3,Active
125,,candidate_251,,,Amalia Permana,amalia.permana@medika-nusantara.com,1984-08-24,Malang,MLG-01,Petugas QA,,2023-10-24,,,,,0,,0,Active
126,EMP-2117,candidate_133,lms-dita.wijaya@medika-nusantara.co.id,perf_5889,Dita Wijaya,dita.wijaya@medika-nusantara.co.id,1994-03-27,Bandung,BDG-01,Quality Assurance,2023-04-03,2023-04-03,Hadi Cahyadi,,3,numeric_5,3,,0,Active
127,EMP-2118,candidate_709,lms-yono.hartono@medika-nusantara.co.id,perf_3906,Yono Hartono,yono.hartono@medika-nusantara.co.id,01/01/1994,Banjarmasin,BJM-01,QC Officer,12/09/2022,12/09/2022,Dewi Iskandar,"GDP Compliance, Documentation, Process Improvement",B,letter,1,"GDP Refresher, BPOM Regulatory Update 2024, Drug Safety Reporting, Pharmaceutical Audit",4,Active
128,EMP-2119,candidate_582,lms-putri.cahyadi@medika-nusantara.co.id,perf_5496,Putri Cahyadi,putri.cahyadi@medika-nusantara.co.id,08-12-1983,Jakarta Timur,JKT-03,Quality Assurance,27-11-2020,27-11-2020,Hadi Cahyadi,GDP Compliance|Process Improvement,,descriptive,1,"BPOM Regulatory Update 2024, Drug Safety Reporting",2,Active
129,EMP-2120,candidate_805,lms-tika.cahyadi@medika-nusantara.co.id,perf_5705,Tika Cahyadi,tika.cahyadi@medika-nusantara.co.id,09/02/1974,Pontianak,PTK-01,QC Officer,04/28/2019,04/28/2019,Wahyu Setiawan,,Excellent,descriptive,2,"BPOM Regulatory Update 2024, Pharmaceutical Audit, GDP Refresher, Drug Safety Reporting",4,Active
130,EMP-2121,candidate_609,lms-rini.saputra@medika-nusantara.co.id,perf_3947,Rini Saputra,rini.saputra@medika-nusantara.co.id,27/10/1983,Banjarmasin,BJM-01,QA Specialist,22/07/2024,22/07/2024,Andi Tanuwijaya,Documentation,,letter,1,"Drug Safety Reporting, BPOM Regulatory Update 2024",2,Active
131,EMP-2122,candidate_524,lms-diana.lestari@medika-nusantara.co.id,perf_6468,Diana Lestari,diana.lestari@medika-nusantara.co.id,21/01/1988,Semarang,SMG-01,Quality Assurance,16/08/2020,16/08/2020,Andi Tanuwijaya,,83%,percentage,3,"Pharmaceutical Audit, BPOM Regulatory Update 2024, GDP Refresher",3,Active
132,EMP-2123,,lms-yusuf.nasution@medika-nusantara.co.id,perf_6460,Yusuf Nasution,yusuf.nasution@medika-nusantara.co.id,12-06-1992,Denpasar,DPS-01,Quality Assurance,01-02-2018,,Rina Maulana,CAPA,C,letter,2,,0,Active
133,EMP-2124,,lms-aditya.hartono@medika-nusantara.co.id,perf_8774,Aditya Hartono,aditya.hartono@medika-nusantara.co.id,20/10/1973,Bekasi,BKS-01,CS Officer,28/06/2024,,Siti Nasution,Complaint Handling|Communication,4,numeric_5,1,"Communication Excellence, Complaint Handling Mastery, CRM Tools Training",3,Active
134,EMP-2125,candidate_860,lms-hadi.saputra@medika-nusantara.co.id,perf_9537,Hadi Saputra,hadi.saputra@medika-nusantara.co.id,05/14/1995,Jakarta Timur,JKT-03,Customer Service,08/26/2020,08/26/2020,Dewi Iskandar,"Complaint Handling, CRM Tools",,descriptive,1,"Complaint Handling Mastery, CRM Tools Training",2,Active
135,EMP-2126,candidate_960,lms-anggun.widjaja@medika-nusantara.co.id,perf_7147,Anggun Widjaja,anggun.widjaja@medika-nusantara.co.id,11/08/1989,Bandung,BDG-01,Customer Care Officer,20/11/2021,20/11/2021,Wahyu Setiawan,Complaint Handling; CRM Tools,5,numeric_5,1,CRM Tools Training,1,Active
136,EMP-2127,candidate_523,lms-anggun.hidayat@medika-nusantara.co.id,,Anggun Hidayat,anggun.hidayat@medika-nusantara.co.id,07/09/1988,Surabaya,SBY-01,CSO,07/12/2024,07/12/2024,Dewi Iskandar,CRM Tools; Problem Solving,86%,percentage,0,"Complaint Handling Mastery, CRM Tools Training, Communication Excellence",3,Active
137,EMP-2128,candidate_125,lms-bagas.hidayat@medika-nusantara.co.id,perf_9192,Bagas Hidayat,bagas.hidayat@medika-nusantara.co.id,05/11/1984,Bekasi,BKS-01,CSO,26/07/2023,26/07/2023,Budi Hartono,,3,numeric_5,3,"Communication Excellence, CRM Tools Training",2,Active
138,EMP-2129,candidate_628,lms-diana.sutrisno@medika-nusantara.co.id,perf_3174,Diana Sutrisno,diana.sutrisno@medika-nusantara.co.id,1973-02-25,Tangerang,TNG-01,CSO,2019-11-22,2019-02-26,Sukarno Halim,Problem Solving|Customer Service|Complaint Handling,92%,percentage,2,"Communication Excellence, CRM Tools Training, Complaint Handling Mastery",2,Active
139,EMP-2130,candidate_884,lms-roni.hartono@medika-nusantara.co.id,perf_6119,Roni Hartono,roni.hartono@medika-nusantara.co.id,08/12/1982,Pontianak,PTK-01,CS Officer,08/25/2021,08/25/2021,Andi Tanuwijaya,"Problem Solving, CRM Tools, Communication",Average,descriptive,3,,0,Active
140,,candidate_220,,,"Hartono, Roni",roni.hartono@medika-nusantara.com,1982-08-12,Pontianak,PTK-01,CSO,,2021-07-30,,,,,0,,0,Active
141,EMP-2131,candidate_737,lms-yuli.nugroho@medika-nusantara.co.id,perf_2677,Yuli Nugroho,yuli.nugroho@medika-nusantara.co.id,08/26/1989,Tangerang,TNG-01,CSO,09/16/2019,09/16/2019,Sukarno Halim,Customer Service; Communication,,percentage,3,CRM Tools Training,1,Active
142,EMP-2132,,lms-amalia.tjahjadi@medika-nusantara.co.id,perf_1831,Amalia Tjahjadi,amalia.tjahjadi@medika-nusantara.co.id,1978-12-08,Medan,MDN-01,CSO,2022-03-18,,Sukarno Halim,Problem Solving,C,letter,2,"Communication Excellence, Complaint Handling Mastery, CRM Tools Training",3,Active
143,EMP-2133,candidate_706,lms-putri.cahyadi@medika-nusantara.co.id,perf_8304,Putri Cahyadi,putri.cahyadi@medika-nusantara.co.id,07/01/1995,Palembang,PLB-01,Petugas Pelayanan Pelanggan,04/07/2023,04/07/2023,Hadi Cahyadi,,,numeric_5,2,CRM Tools Training,1,Active
144,EMP-2134,,lms-diana.lestari@medika-nusantara.co.id,perf_3159,Diana Lestari,diana.lestari@medika-nusantara.co.id,04-10-1993,Malang,MLG-01,CS Officer,28-06-2020,,Wahyu Setiawan,,Average,descriptive,1,Complaint Handling Mastery,1,Active
145,EMP-2135,,lms-adi.cahyadi@medika-nusantara.co.id,perf_5227,Adi Cahyadi,adi.cahyadi@medika-nusantara.co.id,06-07-1992,Medan,MDN-01,Customer Service,18-11-2021,,Sukarno Halim,,C,letter,3,CRM Tools Training,1,Active
146,EMP-2136,candidate_166,lms-hari.hartono@medika-nusantara.co.id,perf_6758,Hari Hartono,hari.hartono@medika-nusantara.co.id,16-11-2000,Bogor,BGR-01,CS Staff,16-11-2021,16-11-2021,Mega Wijaya,Communication; Problem Solving; Customer Service,D,letter,2,"Complaint Handling Mastery, CRM Tools Training, Communication Excellence",3,Active
147,EMP-2137,candidate_765,lms-dita.salim@medika-nusantara.co.id,,Dita Salim,dita.salim@medika-nusantara.co.id,17-09-1999,Palembang,PLB-01,Customer Service,04-10-2018,04-10-2018,Siti Nasution,,4,numeric_5,0,"Complaint Handling Mastery, Communication Excellence, CRM Tools Training",3,Active
148,EMP-2138,candidate_933,lms-putri.widjaja@medika-nusantara.co.id,perf_8063,Putri Widjaja,putri.widjaja@medika-nusantara.co.id,04/07/1975,Tangerang,TNG-01,CS Staff,12/19/2024,12/19/2024,Wahyu Setiawan,"Problem Solving, Communication",77%,percentage,1,"Complaint Handling Mastery, CRM Tools Training, Communication Excellence",3,Active
149,EMP-2139,candidate_433,lms-endah.rahman@medika-nusantara.co.id,perf_8294,Endah Rahman,endah.rahman@medika-nusantara.co.id,03/25/1974,Palembang,PLB-01,CSO,07/02/2024,07/02/2024,Diana Susanto,"CRM Tools, Problem Solving, Customer Service, Complaint Handling, Communication",,numeric_5,2,"Communication Excellence, CRM Tools Training, Complaint Handling Mastery",3,Active
150,EMP-2140,candidate_192,lms-joko.lestari@medika-nusantara.co.id,perf_3276,Joko Lestari,joko.lestari@medika-nusantara.co.id,2000-12-09,Pekanbaru,PKB-01,BM,2023-06-15,2023-06-15,Dewi Iskandar,Coaching|P&L Management,85%,percentage,1,"P&L for Managers, Strategic Planning Workshop, Leadership Essentials",3,Active
151,EMP-2141,candidate_683,lms-reza.hartanto@medika-nusantara.co.id,perf_5989,Reza Hartanto,,06/18/1986,Pekanbaru,PKB-01,Manager Cabang,03/19/2022,03/19/2022,Hadi Cahyadi,P&L Management,96%,percentage,1,,0,Active
152,EMP-2142,candidate_478,,perf_1870,Lina Iskandar,lina.iskandar@medika-nusantara.co.id,11/10/1976,Tangerang,TNG-01,Branch Mgr,05/03/2019,05/03/2019,Joko Pratama,,74%,percentage,3,,0,Active
153,EMP-2143,candidate_491,lms-rudi.wijaya@medika-nusantara.co.id,perf_8130,Rudi Wijaya,rudi.wijaya@medika-nusantara.co.id,03/08/1981,Balikpapan,BPN-01,BM,08/10/2019,08/10/2019,Wahyu Setiawan,Stakeholder Management; P&L Management,,numeric_5,1,"P&L for Managers, Leadership Essentials, Strategic Planning Workshop",3,Active
154,,candidate_228,,,"Wijaya, Rudi",rudi.wijaya@medika-nusantara.com,1981-08-03,Balikpapan,BPN-01,Branch Mgr,,2019-08-26,,,,,0,,0,Active
155,EMP-2144,candidate_838,,perf_8155,Dani Gunawan,dani.gunawan@medika-nusantara.co.id,1987-03-13,Bandung,BDG-01,Kepala Cabang,2024-03-21,2024-03-21,Dewi Iskandar,,3,numeric_5,1,"P&L for Managers, Strategic Planning Workshop, Leadership Essentials",3,Active
156,EMP-2145,candidate_565,lms-faisal.putri@medika-nusantara.co.id,perf_8373,Faisal Putri,faisal.putri@medika-nusantara.co.id,03/25/1974,Bekasi,BKS-01,Manager Cabang,10/24/2018,10/24/2018,Wahyu Setiawan,,2,numeric_5,2,Leadership Essentials,1,Active
157,EMP-2146,candidate_659,lms-cahaya.wijaya@medika-nusantara.co.id,perf_1548,Cahaya Wijaya,,17-04-1987,Bekasi,BKS-01,Branch Mgr,07-09-2022,12-11-2021,Rina Maulana,"P&L Management, Team Leadership, Stakeholder Management, Strategic Planning",3,numeric_5,2,,0,Active
158,EMP-2147,,lms-dani.hakim@medika-nusantara.co.id,perf_8617,Dani Hakim,dani.hakim@medika-nusantara.co.id,1988-03-13,Tangerang,TNG-01,BM,2024-10-14,,Dewi Iskandar,Team Leadership,63%,percentage,3,,0,Active
159,EMP-2148,candidate_748,lms-nurul.salim@medika-nusantara.co.id,perf_6119,Nurul Salim,nurul.salim@medika-nusantara.co.id,1994-07-23,Banjarmasin,BJM-01,BM,2021-02-21,2021-02-21,Mega Wijaya,Coaching,A,letter,3,,0,Active
160,EMP-2149,candidate_917,lms-hadi.nugroho@medika-nusantara.co.id,perf_3744,Hadi Nugroho,hadi.nugroho@medika-nusantara.co.id,12/28/1995,Jakarta Timur,JKT-03,Branch Mgr,01/08/2019,01/08/2019,Sukarno Halim,P&L Management|Stakeholder Management|Strategic Planning,Good,descriptive,1,Strategic Planning Workshop,0,Active
161,EMP-2150,candidate_127,lms-ani.suryadi@medika-nusantara.co.id,,Ani Suryadi,ani.suryadi@medika-nusantara.co.id,17/09/1990,Medan,MDN-01,Branch Mgr,09/12/2024,13/09/2024,Wahyu Setiawan,Team Leadership; Strategic Planning; Stakeholder Management,D,letter,0,"Leadership Essentials, P&L for Managers, Strategic Planning Workshop",3,On Leave
162,EMP-2151,,lms-mega.wibowo@medika-nusantara.co.id,perf_8317,Mega Wibowo,mega.wibowo@medika-nusantara.co.id,02/06/2000,Tangerang,TNG-01,Branch Head,06/10/2021,,Joko Pratama,,,percentage,3,"Leadership Essentials, Strategic Planning Workshop, P&L for Managers",3,Active
163,EMP-2152,candidate_186,,,Yusuf Saputra,yusuf.saputra@medika-nusantara.co.id,26/09/1970,Bogor,BGR-01,BM,21/12/2023,21/12/2023,Diana Susanto,Strategic Planning; Team Leadership,C,letter,0,"P&L for Managers, Strategic Planning Workshop, Leadership Essentials",3,Active
164,EMP-2153,candidate_757,lms-roni.pratama@medika-nusantara.co.id,perf_2900,Roni Pratama,,15/02/1993,Denpasar,DPS-01,Branch Mgr,25/05/2024,25/05/2024,Joko Pratama,P&L Management; Stakeholder Management; Coaching,B,letter,3,Strategic Planning Workshop,1,Active
165,EMP-2154,candidate_499,lms-mega.salim@medika-nusantara.co.id,perf_3378,Mega Salim,mega.salim@medika-nusantara.co.id,18-12-1980,Jakarta Pusat,JKT-01,BM,05-04-2024,05-04-2024,Wahyu Setiawan,,,numeric_5,2,"Strategic Planning Workshop, Leadership Essentials, P&L for Managers",3,Active
166,,candidate_199,,,M. Salim,,1980-12-18,Jakarta Pusat,JKT-01,BM,,2024-06-01,,,,,0,,0,Active
167,EMP-2155,,lms-roni.hidayat@medika-nusantara.co.id,perf_5466,Roni Hidayat,roni.hidayat@medika-nusantara.co.id,08/02/1994,Jakarta Timur,JKT-03,Branch Head,12/09/2019,,Dewi Iskandar,,Average,descriptive,2,"P&L for Managers, Leadership Essentials, Strategic Planning Workshop",4,Active
168,EMP-2156,candidate_788,lms-ratna.tanuwijaya@medika-nusantara.co.id,perf_4193,Ratna Tanuwijaya,ratna.tanuwijaya@medika-nusantara.co.id,04/10/1976,Bekasi,,Petugas Keuangan,06/26/2020,06/26/2020,Eko Kurniawan,"Tax Compliance, Reconciliation, Excel Advanced",2,numeric_5,3,,0,Active
169,EMP-2157,candidate_206,lms-agus.wibowo@medika-nusantara.co.id,perf_6759,Agus Wibowo,agus.wibowo@medika-nusantara.co.id,07/04/1988,Makassar,MKS-01,Admin Finance,06/25/2022,07/26/2021,Wahyu Setiawan,,Good,descriptive,1,,0,Active
170,EMP-2158,,,perf_2995,Reza Kurniawan,reza.kurniawan@medika-nusantara.co.id,1973-12-08,Jakarta Selatan,JKT-02,Fin&Adm,2020-07-17,,Mega Wijaya,,C,letter,3,"Excel for Finance, Tax Update 2024, SAP Finance Basics",3,Active
171,,candidate_213,,,Reza Kurniawan,reza.kurniawan@medika-nusantara.com,1973-12-08,Jakarta Selatan,JKT-02,Admin Finance,,2020-08-15,,,,,0,,0,Active
172,EMP-2159,candidate_177,lms-iwan.kurniawan@medika-nusantara.co.id,,Iwan Kurniawan,iwan.kurniawan@medika-nusantara.co.id,12-07-1980,Jakarta Timur,JKT-03,F&A Staff,21-11-2023,07-04-2023,Budi Hartono,Reconciliation|Tax Compliance|Accounting,Average,descriptive,0,Excel for Finance,1,Active
173,EMP-2160,candidate_932,lms-dewi.saputra@medika-nusantara.co.id,,Dewi Saputra,dewi.saputra@medika-nusantara.co.id,1995-12-13,Bogor,BGR-01,Finance Admin,2021-01-13,2021-01-13,Eko Kurniawan,"Tax Compliance, Excel Advanced, Accounting",B,letter,0,SAP Finance Basics,1,Active
174,EMP-2161,candidate_208,,perf_5243,Mega Susanto,mega.susanto@medika-nusantara.co.id,1998-01-03,Bogor,BGR-01,Finance Officer,2020-07-05,2020-07-05,Rina Maulana,,B,letter,1,"Excel for Finance, Tax Update 2024, SAP Finance Basics",3,Active
175,EMP-2162,candidate_138,lms-arif.permana@medika-nusantara.co.id,,Arif Permana,,06/05/1992,Semarang,SMG-01,F&A Staff,20/06/2018,20/06/2018,Diana Susanto,Tax Compliance; Accounting; Excel Advanced,92%,percentage,0,"Excel for Finance, Tax Update 2024",2,Active
176,EMP-2163,,lms-eko.salim@medika-nusantara.co.id,perf_2148,Eko Salim,eko.salim@medika-nusantara.co.id,28/10/1982,Medan,MDN-01,Petugas Keuangan,12/07/2024,,Eko Kurniawan,,A,letter,2,"Excel for Finance, Tax Update 2024, SAP Finance Basics",3,Active
177,,candidate_441,,,Eko Sali,eko.salim@medika-nusantara.com,1982-10-28,Medan,MDN-01,F&A Staff,,2024-08-08,,,,,0,,0,Active
178,EMP-2164,candidate_762,lms-anggun.gunawan@medika-nusantara.co.id,perf_9759,Anggun Gunawan,anggun.gunawan@medika-nusantara.co.id,1999-09-10,Jakarta Timur,JKT-03,F&A Staff,2019-08-02,2019-08-02,Mega Wijaya,Excel Advanced; Reconciliation; Accounting,Excellent,descriptive,1,"Tax Update 2024, SAP Finance Basics",2,Active
179,EMP-2165,candidate_209,lms-reza.pratama@medika-nusantara.co.id,perf_6886,Reza Pratama,reza.pratama@medika-nusantara.co.id,1969-03-19,Surabaya,SBY-01,Finance Admin,2023-03-25,2023-03-25,Dewi Iskandar,Tax Compliance; Accounting,,percentage,1,SAP Finance Basics,1,Active
180,EMP-2166,candidate_653,lms-sinta.permana@medika-nusantara.co.id,perf_9186,Sinta Permana,sinta.permana@medika-nusantara.co.id,18-12-1979,Tangerang,TNG-01,Petugas Keuangan,26-10-2023,26-10-2023,Sukarno Halim,Reconciliation,64%,percentage,1,Excel for Finance,2,Active
181,EMP-2167,candidate_794,,perf_9791,Intan Widjaja,intan.widjaja@medika-nusantara.co.id,20/03/1970,Pontianak,,Admin Finance,08/10/2020,08/10/2020,Andi Tanuwijaya,"SAP Finance, Excel Advanced, Reconciliation",Poor,descriptive,3,"Tax Update 2024, SAP Finance Basics, Excel for Finance",3,Active
182,,candidate_764,,,"Widjaja, Intan",intan.widjaja@medika-nusantara.com,1970-03-20,Pontianak,PTK-01,Finance Officer,,2020-08-25,,,,,0,,0,Active
183,EMP-2168,candidate_414,lms-lia.gunawan@medika-nusantara.co.id,perf_2594,Lia Gunawan,lia.gunawan@medika-nusantara.co.id,01/08/1989,Jakarta Timur,JKT-03,Finance Admin,08/04/2020,08/04/2020,Mega Wijaya,Tax Compliance,Average,descriptive,2,,0,Active
184,EMP-2169,candidate_445,lms-hari.sari@medika-nusantara.co.id,,Hari Sari,hari.sari@medika-nusantara.co.id,04-07-2002,Pontianak,PTK-01,Fin&Adm,26-08-2024,26-08-2024,Budi Hartono,,Below Average,descriptive,0,SAP Finance Basics,1,Active
185,EMP-2170,,lms-hadi.hartono@medika-nusantara.co.id,perf_6496,Hadi Hartono,hadi.hartono@medika-nusantara.co.id,1973-06-20,Jakarta Pusat,JKT-01,IT Support,2022-08-23,,Wahyu Setiawan,,2,numeric_5,1,,0,Active
186,EMP-2171,candidate_349,,,Aisyah Setiawan,aisyah.setiawan@medika-nusantara.co.id,08/05/1986,Pontianak,PTK-01,IT Support,13/01/2018,09/04/2017,Mega Wijaya,,Poor,descriptive,0,"IT Fundamentals, Cybersecurity Basics",2,Active
187,,candidate_283,,,A. Setiawan,,1986-05-08,Pontianak,PTK-01,IT Support,,2018-03-12,,,,,0,,0,Active
188,EMP-2172,candidate_390,lms-mega.widjaja@medika-nusantara.co.id,,Mega Widjaja,mega.widjaja@medika-nusantara.co.id,26/05/1975,Palembang,PLB-01,IT Helpdesk,16/08/2021,16/08/2021,Hadi Cahyadi,,1,numeric_5,0,"IT Fundamentals, Cybersecurity Basics",2,Active
189,EMP-2173,candidate_284,lms-wahyu.cahyadi@medika-nusantara.co.id,perf_2442,Wahyu Cahyadi,wahyu.cahyadi@medika-nusantara.co.id,03/25/1971,Jakarta Timur,JKT-03,IT Tech,11/04/2023,11/04/2023,Siti Nasution,,Average,descriptive,1,"Cybersecurity Basics, IT Fundamentals, Network+ Certification",2,Active
190,EMP-2174,,,perf_9315,Cahaya Pratama,cahaya.pratama@medika-nusantara.co.id,17-10-2000,Manado,MND-01,IT Officer,22-10-2024,,Diana Susanto,IT Support,,percentage,2,"Network+ Certification, Cybersecurity Basics, IT Fundamentals",3,Active
191,EMP-2175,,lms-sinta.kurniawan@medika-nusantara.co.id,,Sinta Kurniawan,sinta.kurniawan@medika-nusantara.co.id,24/06/1984,Bekasi,BKS-01,IT Officer,03/02/2024,,Eko Kurniawan,Active Directory,3,numeric_5,0,"Cybersecurity Basics, IT Fundamentals, Network+ Certification",3,Active
192,EMP-2176,,lms-wati.hakim@medika-nusantara.co.id,perf_1709,Wati Hakim,wati.hakim@medika-nusantara.co.id,1974-10-25,Banjarmasin,BJM-01,IT Support,2018-05-28,,Eko Kurniawan,"Active Directory, Hardware Troubleshooting",E,letter,2,"IT Fundamentals, Network+ Certification",2,Active
193,EMP-2177,candidate_706,lms-dewi.lestari@medika-nusantara.co.id,perf_7865,Dewi Lestari,dewi.lestari@medika-nusantara.co.id,12/08/1989,Palembang,PLB-01,IT Officer,12/16/2018,12/16/2018,Joko Pratama,,4,numeric_5,2,IT Fundamentals,1,Active
194,EMP-2178,,lms-putri.salim@medika-nusantara.co.id,perf_8936,Putri Salim,putri.salim@medika-nusantara.co.id,24-05-1988,Jakarta Timur,JKT-03,IT Support,21-10-2021,,Siti Nasution,,Average,descriptive,1,"Cybersecurity Basics, IT Fundamentals, Network+ Certification",3,Active
195,EMP-2179,candidate_747,lms-roni.gunawan@medika-nusantara.co.id,perf_5418,Roni Gunawan,roni.gunawan@medika-nusantara.co.id,03/07/1969,Jakarta Selatan,JKT-02,IT Officer,04/27/2024,04/27/2024,Dewi Iskandar,,C,letter,2,"Cybersecurity Basics, Network+ Certification, IT Fundamentals",3,Active
196,EMP-2180,candidate_451,lms-budi.hidayat@medika-nusantara.co.id,,Budi Hidayat,budi.hidayat@medika-nusantara.co.id,20/08/1991,Pekanbaru,PKB-01,Pengemudi,28/03/2021,28/03/2021,Eko Kurniawan,GPS Operation|Route Knowledge,,percentage,0,"Defensive Driving Cert, Route Optimization Training",2,Active
197,EMP-2181,,lms-iwan.sutrisno@medika-nusantara.co.id,perf_8757,Iwan Sutrisno,iwan.sutrisno@medika-nusantara.co.id,11/07/1982,Balikpapan,BPN-01,Delivery Driver,11/14/2020,,Siti Nasution,,2,numeric_5,2,"Defensive Driving Cert, Route Optimization Training",2,Active
198,EMP-2182,candidate_705,,,Indah Susanto,indah.susanto@medika-nusantara.co.id,1992-06-15,Denpasar,DPS-01,Sopir Distribusi,2020-04-15,2020-04-15,Andi Tanuwijaya,,D,letter,0,"Route Optimization Training, Defensive Driving Cert",0,Active
199,EMP-2183,,lms-reza.widjaja@medika-nusantara.co.id,perf_2605,Reza Widjaja,reza.widjaja@medika-nusantara.co.id,21-05-1985,Makassar,MKS-01,Delivery Driver,10-11-2023,,Diana Susanto,,Good,descriptive,3,"Route Optimization Training, Defensive Driving Cert",2,Active
200,EMP-2184,candidate_402,lms-slamet.lestari@medika-nusantara.co.id,perf_2486,Slamet Lestari,slamet.lestari@medika-nusantara.co.id,02-12-1992,Makassar,MKS-01,Driver,19-12-2022,19-12-2022,Rina Maulana,"Route Knowledge, GPS Operation, Cold Chain Handling",Good,descriptive,3,"Route Optimization Training, Defensive Driving Cert",2,Active
201,EMP-2185,candidate_820,lms-adi.nasution@medika-nusantara.co.id,perf_7068,Adi Nasution,adinasution@medika-nusantaracoid,1984-12-26,Yogyakarta,YGY-01,Delivery Driver,2022-03-22,2022-03-22,Siti Nasution,"Defensive Driving, Cold Chain Handling, Route Knowledge, GPS Operation",Good,descriptive,1,"Route Optimization Training, Defensive Driving Cert",2,Active
202,EMP-2186,,lms-bambang.suryadi@medika-nusantara.co.id,perf_4393,Bambang Suryadi,bambang.suryadi@medika-nusantara.co.id,11/19/1971,Pekanbaru,PKB-01,Driver,10/03/2022,,Mega Wijaya,"Defensive Driving, GPS Operation",,percentage,3,"Route Optimization Training, Defensive Driving Cert",2,On Leave
203,EMP-2187,candidate_279,lms-bayu.kurniawan@medika-nusantara.co.id,perf_2097,Bayu Kurniawan,bayu.kurniawan@medika-nusantara.co.id,06/12/1988,Yogyakarta,YGY-01,Sopir Distribusi,16/02/2024,16/02/2024,Andi Tanuwijaya,,Average,descriptive,1,"Defensive Driving Cert, Route Optimization Training",2,Active
204,EMP-2188,,lms-indra.lestari@medika-nusantara.co.id,perf_4693,Indra Lestari,indra.lestari@medika-nusantara.co.id,08/13/1995,Makassar,MKS-01,Pengemudi,01/18/2018,,Joko Pratama,GPS Operation|Defensive Driving|Route Knowledge|Cold Chain Handling,,descriptive,3,,0,Active
205,EMP-2189,candidate_639,lms-adi.santoso@medika-nusantara.co.id,perf_8703,Adi Santoso,adi.santoso@medika-nusantara.co.id,09/19/1992,Jakarta Selatan,JKT-02,Sopir Distribusi,03/03/2020,06/13/2019,Joko Pratama,GPS Operation; Route Knowledge; Cold Chain Handling,A,letter,2,"Defensive Driving Cert, Route Optimization Training",2,Active
206,EMP-2190,candidate_283,lms-anggun.lestari@medika-nusantara.co.id,,Anggun Lestari,anggun.lestari@medika-nusantara.co.id,1969-04-08,Jakarta Pusat,JKT-01,Driver,2023-03-07,2023-03-07,Andi Tanuwijaya,,3,numeric_5,0,"Route Optimization Training, Defensive Driving Cert",2,Active
207,EMP-2191,candidate_526,,perf_9870,Bambang Susanto,bambang.susanto@medika-nusantara.co.id,04-07-1996,Bandung,BDG-01,Sopir,16-05-2022,19-12-2021,Dewi Iskandar,,3,numeric_5,3,"Defensive Driving Cert, Route Optimization Training",2,Active
208,EMP-2192,candidate_443,lms-bambang.nugroho@medika-nusantara.co.id,perf_6616,Bambang Nugroho,bambang.nugroho@medika-nusantara.co.id,16-02-1975,Palembang,PLB-01,Pengemudi,07-10-2019,07-10-2019,Hadi Cahyadi,Route Knowledge|Cold Chain Handling|GPS Operation|Defensive Driving,5,numeric_5,2,Route Optimization Training,1,Active
209,EMP-2193,candidate_480,,,Joko Hakim,joko.hakim@medika-nusantara.co.id,22/10/1975,Balikpapan,BPN-01,Driver,03/03/2021,03/03/2021,Mega Wijaya,,2,numeric_5,0,"Route Optimization Training, Defensive Driving Cert",2,Active
210,EMP-2194,,lms-yuli.tjahjadi@medika-nusantara.co.id,perf_3514,Yuli Tjahjadi,yuli.tjahjadi@medika-nusantara.co.id,24/07/1988,Jakarta Selatan,JKT-02,Sopir,28/02/2018,,Siti Nasution,,B,letter,3,"Route Optimization Training, Defensive Driving Cert",2,Active
211,EMP-2195,candidate_824,lms-fauzi.saputra@medika-nusantara.co.id,perf_6192,Fauzi Saputra,fauzi.saputra@medika-nusantara.co.id,13/07/1975,Bekasi,BKS-01,Pengemudi,27/05/2021,27/05/2021,Mega Wijaya,,4,numeric_5,3,,0,Active
212,EMP-2196,candidate_611,lms-mega.tjahjadi@medika-nusantara.co.id,perf_8504,Mega Tjahjadi,,20/03/1996,Jakarta Pusat,JKT-01,Pengemudi,20/06/2021,20/06/2021,Sukarno Halim,,,numeric_5,2,"Route Optimization Training, Defensive Driving Cert",2,Active
213,EMP-2197,candidate_396,,perf_3409,Dita Nasution,dita.nasution@medika-nusantara.co.id,28-11-1982,Manado,MND-01,Sopir Distribusi,17-09-2020,17-09-2020,Mega Wijaya,,82%,percentage,2,"Route Optimization Training, Defensive Driving Cert",2,Active
214,EMP-2198,candidate_961,lms-diana.pratama@medika-nusantara.co.id,,Diana Pratama,diana.pratama@medika-nusantara.co.id,1968-11-06,Pekanbaru,PKB-01,Pengemudi,2022-08-28,2022-08-28,Joko Pratama,,96%,percentage,0,Route Optimization Training,1,Active
215,EMP-2199,candidate_651,lms-hendra.putri@medika-nusantara.co.id,,Hendra Putri,hendra.putri@medika-nusantara.co.id,26-08-1997,Pekanbaru,PKB-01,Driver,03-08-2022,03-08-2022,Rina Maulana,,74%,percentage,0,"Defensive Driving Cert, Route Optimization Training",2,Active
