employee_id,full_name,email,branch_name,branch_code,role_normalized,role_family,start_date,tenure_years,manager_name,skills,skill_sources,skill_confidences,skill_count,avg_skill_confidence,performance_rating_normalized,performance_confidence,performance_history_years,identity_resolution_confidence,systems_matched,data_quality_score,needs_human_review,review_reasons,employment_status
EMP-2000,Sari Nasution,sari.nasution@medika-nusantara.co.id,Banjarmasin,BJM-01,Medical Representative — Senior,Sales,2019-12-04,6.4,Sukarno Halim,Negotiation; B2B Sales; Pharmaceutical Product Knowledge; Customer Relationship Management,EXPLICIT; EXPLICIT; ROLE_PRIOR; ROLE_PRIOR,0.99; 0.98; 0.56; 0.67,4,0.8,2,0.85,2,0.94,4/4,0.9,no,,Active
EMP-2001,Cahaya Hartono,cahaya.hartono@medika-nusantara.co.id,Jakarta Pusat,JKT-01,Medical Representative — Senior,Sales,2022-05-26,4.0,Budi Hartono,Pharmaceutical Product Knowledge; Customer Relationship Management; Negotiation; Medical Detailing,EXPLICIT; EXPLICIT; EXPLICIT; EXPLICIT,0.98; 0.96; 0.93; 0.94,4,0.95,,0.0,1,0.88,3/4,0.73,yes,missing_performance_data,Active
EMP-2002,Anggun Pratama,anggun.pratama@medika-nusantara.co.id,Denpasar,DPS-01,Medical Representative — Senior,Sales,2021-02-18,5.2,Budi Hartono,Negotiation; Pharmaceutical Compliance; B2B Sales,TRAINING; TRAINING; TRAINING,0.86; 0.83; 0.78,3,0.82,3,0.85,2,0.83,3/4,0.88,no,,Active
EMP-2003,Wahyu Iskandar,wahyu.iskandar@medika-nusantara.co.id,Semarang,SMG-01,Medical Representative — Senior,Sales,2019-09-24,6.6,Budi Hartono,Medical Detailing; Negotiation; Customer Relationship Management; Territory Management; Pharmaceutical Compliance,EXPLICIT; EXPLICIT; EXPLICIT; EXPLICIT; TRAINING,0.94; 0.95; 0.98; 0.94; 0.86,5,0.93,2,0.59,0,0.82,3/4,0.73,no,,Active
EMP-2004,Reza Halim,reza.halim@medika-nusantara.co.id,Bandung,BDG-01,Medical Representative — Senior,Sales,2021-03-09,5.2,Mega Wijaya,Territory Management; Customer Relationship Management; B2B Sales; Pharmaceutical Product Knowledge,TRAINING; TRAINING; ROLE_PRIOR; ROLE_PRIOR,0.8; 0.82; 0.66; 0.66,4,0.73,3,0.95,3,0.92,4/4,0.9,no,,Active
EMP-2005,Eko Widjaja,eko.widjaja@medika-nusantara.co.id,Manado,MND-01,Medical Representative — Senior,Sales,2019-11-14,6.5,Rina Maulana,Territory Management; Negotiation; Medical Detailing,EXPLICIT; EXPLICIT; EXPLICIT,0.93; 0.94; 0.99,3,0.95,4,0.59,0,0.83,3/4,0.74,no,,Active
EMP-2006,Tika Santoso,tika.santoso@medika-nusantara.co.id,Palembang,PLB-01,Medical Representative — Senior,Sales,2021-01-24,5.3,Rina Maulana,Negotiation; Customer Relationship Management; Territory Management; Pharmaceutical Compliance; B2B Sales,EXPLICIT; EXPLICIT; EXPLICIT; TRAINING; TRAINING,0.95; 0.97; 0.92; 0.82; 0.86,5,0.9,3,0.76,1,0.96,4/4,0.8,no,,Active
EMP-2007,Mega Wijaya,mega.wijaya@medika-nusantara.co.id,Jakarta Selatan,JKT-02,Medical Representative — Senior,Sales,2024-05-08,2.0,Hadi Cahyadi,Medical Detailing; B2B Sales; Negotiation; Territory Management,EXPLICIT; EXPLICIT; TRAINING; TRAINING,0.95; 0.98; 0.83; 0.82,4,0.9,4,0.66,0,0.87,3/4,0.76,no,,Active
EMP-2008,Roni Widjaja,roni.widjaja@medika-nusantara.co.id,Makassar,MKS-01,Medical Representative — Senior,Sales,2024-12-23,1.4,Eko Kurniawan,B2B Sales; Pharmaceutical Product Knowledge; Customer Relationship Management; Negotiation,ROLE_PRIOR; ROLE_PRIOR; ROLE_PRIOR; ROLE_PRIOR,0.58; 0.57; 0.68; 0.64,4,0.62,2,0.68,1,0.85,3/4,0.69,yes,low_skill_confidence; low_overall_quality,Active
EMP-2009,Sari Putri,sari.putri@medika-nusantara.co.id,Balikpapan,BPN-01,Medical Representative — Senior,Sales,2018-06-03,7.9,Hadi Cahyadi,Pharmaceutical Product Knowledge; Customer Relationship Management; Negotiation; Medical Detailing,EXPLICIT; EXPLICIT; EXPLICIT; EXPLICIT,0.92; 0.96; 0.95; 0.95,4,0.94,5,0.85,2,0.87,3/4,0.91,no,,Active
EMP-2010,Slamet Halim,slamet.halim@medika-nusantara.co.id,Bogor,BGR-01,Medical Representative — Senior,Sales,2021-06-14,4.9,Mega Wijaya,B2B Sales; Pharmaceutical Product Knowledge; Medical Detailing; Customer Relationship Management; Negotiation; Pharmaceutical Compliance; Territory Management,EXPLICIT; EXPLICIT; EXPLICIT; EXPLICIT; TRAINING; TRAINING; TRAINING,0.95; 0.93; 0.98; 0.98; 0.85; 0.82; 0.83,7,0.91,3,0.66,0,0.71,2/4,0.72,yes,low_identity_confidence,Active
EMP-2011,Hadi Wibowo,hadi.wibowo@medika-nusantara.co.id,Semarang,SMG-01,Medical Representative — Senior,Sales,2022-01-03,4.3,Hadi Cahyadi,Negotiation; Pharmaceutical Compliance; Customer Relationship Management; B2B Sales,TRAINING; TRAINING; TRAINING; TRAINING,0.83; 0.88; 0.78; 0.89,4,0.84,5,0.68,1,0.76,2/4,0.72,yes,low_identity_confidence,Active
EMP-2012,Lia Tjahjadi,lia.tjahjadi@medika-nusantara.co.id,Pontianak,PTK-01,Medical Representative — Senior,Sales,2020-04-02,6.1,Rina Maulana,Medical Detailing; B2B Sales; Pharmaceutical Product Knowledge; Customer Relationship Management,EXPLICIT; ROLE_PRIOR; ROLE_PRIOR; ROLE_PRIOR,0.93; 0.56; 0.67; 0.68,4,0.71,3,0.85,3,0.81,3/4,0.84,no,,Active
EMP-2013,Rina Widjaja,rina.widjaja@medika-nusantara.co.id,Semarang,SMG-01,Medical Representative — Senior,Sales,2018-11-28,7.4,Joko Pratama,B2B Sales; Medical Detailing; Negotiation; Territory Management,EXPLICIT; EXPLICIT; EXPLICIT; TRAINING,0.95; 0.98; 0.92; 0.82,4,0.92,3,0.85,3,0.98,4/4,0.94,no,,Active
EMP-2014,Surya Lestari,surya.lestari@medika-nusantara.co.id,Jakarta Timur,JKT-03,Medical Representative — Senior,Sales,2020-08-11,5.7,Budi Hartono,B2B Sales; Pharmaceutical Product Knowledge; Customer Relationship Management; Negotiation,ROLE_PRIOR; ROLE_PRIOR; ROLE_PRIOR; ROLE_PRIOR,0.65; 0.58; 0.66; 0.55,4,0.61,2,0.68,1,0.91,4/4,0.7,yes,low_skill_confidence,Active
EMP-2015,Yuli Nugroho,yuli.nugroho@medika-nusantara.co.id,Manado,MND-01,Medical Representative — Senior,Sales,2022-12-10,3.4,Mega Wijaya,Medical Detailing; Customer Relationship Management; Negotiation; Pharmaceutical Compliance; B2B Sales,EXPLICIT; EXPLICIT; TRAINING; TRAINING; TRAINING,0.96; 0.92; 0.89; 0.89; 0.85,5,0.9,4,0.85,3,0.93,4/4,0.92,no,,Active
EMP-2016,Cahaya Permana,cahaya.permana@medika-nusantara.co.id,Pekanbaru,PKB-01,Medical Representative — Senior,Sales,2024-05-17,2.0,Siti Nasution,B2B Sales; Pharmaceutical Product Knowledge; Customer Relationship Management; Negotiation,ROLE_PRIOR; ROLE_PRIOR; ROLE_PRIOR; ROLE_PRIOR,0.55; 0.67; 0.71; 0.71,4,0.66,4,0.76,2,0.82,3/4,0.81,no,,Active
EMP-2017,Indra Hartono,indra.hartono@medika-nusantara.co.id,Jakarta Selatan,JKT-02,Medical Representative — Senior,Sales,2023-03-18,3.1,Sukarno Halim,Territory Management; Medical Detailing; Negotiation; Pharmaceutical Product Knowledge; B2B Sales,EXPLICIT; EXPLICIT; EXPLICIT; EXPLICIT; EXPLICIT,0.93; 0.94; 0.93; 0.99; 0.93,5,0.94,3,0.95,3,0.87,3/4,0.94,no,,Active
EMP-2018,Hendra Tanuwijaya,hendra.tanuwijaya@medika-nusantara.co.id,Bandung,BDG-01,Medical Representative — Senior,Sales,2022-07-20,3.8,Diana Susanto,Medical Detailing; B2B Sales; Pharmaceutical Product Knowledge; Customer Relationship Management,TRAINING; ROLE_PRIOR; ROLE_PRIOR; ROLE_PRIOR,0.86; 0.56; 0.61; 0.57,4,0.65,4,0.85,2,0.98,4/4,0.87,no,,Active
EMP-2019,Indah Saputra,indah.saputra@medika-nusantara.co.id,Makassar,MKS-01,Medical Representative — Senior,Sales,2018-08-08,7.8,Diana Susanto,Medical Detailing; Negotiation; B2B Sales; Pharmaceutical Product Knowledge,TRAINING; TRAINING; ROLE_PRIOR; ROLE_PRIOR,0.84; 0.86; 0.6; 0.7,4,0.75,5,0.68,1,0.93,4/4,0.74,no,,Active
EMP-2020,Rosa Hartono,rosa.hartono@medika-nusantara.co.id,Palembang,PLB-01,Medical Representative — Senior,Sales,2020-03-19,6.1,Andi Tanuwijaya,Territory Management; B2B Sales; Negotiation; Medical Detailing,EXPLICIT; EXPLICIT; EXPLICIT; TRAINING,0.99; 0.95; 0.93; 0.84,4,0.93,3,0.95,3,0.98,4/4,0.97,no,,Active
EMP-2021,Indah Pratama,indah.pratama@medika-nusantara.co.id,Makassar,MKS-01,Medical Representative — Senior,Sales,2024-09-22,1.6,Wahyu Setiawan,Negotiation; B2B Sales; Pharmaceutical Product Knowledge; Medical Detailing; Customer Relationship Management; Territory Management,EXPLICIT; EXPLICIT; EXPLICIT; EXPLICIT; EXPLICIT; TRAINING,0.94; 0.96; 0.99; 0.93; 0.98; 0.88,6,0.95,4,0.68,1,0.91,4/4,0.79,no,,Active
EMP-2022,Slamet Tanuwijaya,slamet.tanuwijaya@medika-nusantara.co.id,Denpasar,DPS-01,Medical Representative — Senior,Sales,2019-10-19,6.6,Rina Maulana,Customer Relationship Management; Pharmaceutical Product Knowledge; Medical Detailing; B2B Sales; Negotiation; Territory Management,EXPLICIT; EXPLICIT; EXPLICIT; EXPLICIT; EXPLICIT; EXPLICIT,0.97; 0.93; 0.94; 0.95; 0.96; 0.93,6,0.95,3,0.85,2,0.96,4/4,0.94,no,,Active
EMP-2023,Anggun Nasution,anggun.nasution@medika-nusantara.co.id,Manado,MND-01,Medical Representative — Senior,Sales,2020-09-22,5.6,Eko Kurniawan,B2B Sales; Pharmaceutical Product Knowledge; Customer Relationship Management; Negotiation,ROLE_PRIOR; ROLE_PRIOR; ROLE_PRIOR; ROLE_PRIOR,0.72; 0.62; 0.67; 0.58,4,0.65,,0.0,3,0.91,4/4,0.76,yes,missing_performance_data,Active
EMP-2024,Slamet Gunawan,slamet.gunawan@medika-nusantara.co.id,Semarang,SMG-01,Medical Representative — Senior,Sales,2021-08-13,4.7,Joko Pratama,B2B Sales; Pharmaceutical Product Knowledge; Customer Relationship Management; Negotiation,TRAINING; ROLE_PRIOR; ROLE_PRIOR; ROLE_PRIOR,0.89; 0.68; 0.58; 0.66,4,0.7,3,0.59,0,0.81,3/4,0.67,yes,low_overall_quality,Active
EMP-2025,Adi Tjahjadi,adi.tjahjadi@medika-nusantara.co.id,Malang,MLG-01,Medical Representative — Senior,Sales,2022-10-11,3.6,Rina Maulana,Pharmaceutical Compliance; B2B Sales; Pharmaceutical Product Knowledge; Customer Relationship Management,TRAINING; ROLE_PRIOR; ROLE_PRIOR; ROLE_PRIOR,0.86; 0.71; 0.56; 0.62,4,0.69,4,0.68,1,0.93,4/4,0.73,no,,Active
EMP-2026,Agus Putri,agus.putri@medika-nusantara.co.id,Jakarta Timur,JKT-03,Medical Representative — Senior,Sales,2020-06-18,5.9,Rina Maulana,Pharmaceutical Product Knowledge; Customer Relationship Management; Negotiation; Pharmaceutical Compliance,EXPLICIT; EXPLICIT; EXPLICIT; TRAINING,0.96; 0.98; 0.94; 0.88,4,0.94,,0.0,2,0.83,3/4,0.82,yes,missing_performance_data,Active
EMP-2027,Slamet Lestari,slamet.lestari@medika-nusantara.co.id,Denpasar,DPS-01,Medical Representative — Senior,Sales,2021-01-12,5.3,Dewi Iskandar,B2B Sales; Medical Detailing; Customer Relationship Management; Negotiation,EXPLICIT; EXPLICIT; EXPLICIT; TRAINING,0.95; 0.98; 0.96; 0.83,4,0.93,3,0.85,2,0.97,4/4,0.94,no,,Active
EMP-2028,Vina Kurniawan,vina.kurniawan@medika-nusantara.co.id,Jakarta Pusat,JKT-01,Medical Representative — Senior,Sales,2022-10-22,3.5,Budi Hartono,Negotiation; Medical Detailing; Pharmaceutical Compliance; B2B Sales,EXPLICIT; EXPLICIT; TRAINING; TRAINING,0.92; 0.92; 0.9; 0.83,4,0.89,3,0.85,2,0.86,3/4,0.9,no,,Active
EMP-2029,Slamet Setiawan,slamet.setiawan@medika-nusantara.co.id,Tangerang,TNG-01,Medical Representative — Senior,Sales,2023-09-02,2.7,Eko Kurniawan,Negotiation; B2B Sales; Pharmaceutical Compliance; Territory Management,EXPLICIT; EXPLICIT; TRAINING; TRAINING,0.99; 0.95; 0.79; 0.81,4,0.89,,0.0,2,0.99,4/4,0.84,yes,missing_performance_data,Active
EMP-2030,Surya Salim,surya.salim@medika-nusantara.co.id,Surabaya,SBY-01,Medical Representative — Senior,Sales,2022-12-23,3.4,Eko Kurniawan,Customer Relationship Management; B2B Sales; Pharmaceutical Product Knowledge; Negotiation,TRAINING; TRAINING; ROLE_PRIOR; ROLE_PRIOR,0.9; 0.8; 0.58; 0.64,4,0.73,5,0.68,1,0.91,4/4,0.73,no,,Active
EMP-2031,Wati Iskandar,wati.iskandar@medika-nusantara.co.id,Pontianak,PTK-01,Medical Representative — Senior,Sales,2024-02-26,2.2,Hadi Cahyadi,Territory Management; Customer Relationship Management; Negotiation; Medical Detailing,EXPLICIT; EXPLICIT; TRAINING; TRAINING,0.97; 0.96; 0.92; 0.83,4,0.92,,0.0,2,0.94,4/4,0.84,yes,missing_performance_data,Active
EMP-2032,Sinta Gunawan,sinta.gunawan@medika-nusantara.co.id,Balikpapan,BPN-01,Medical Representative — Junior,Sales,2021-03-24,5.1,Hadi Cahyadi,Reporting; Customer Service; Pharmaceutical Product Knowledge; Time Management; Basic Sales Techniques; Pharmaceutical Compliance,EXPLICIT; EXPLICIT; EXPLICIT; EXPLICIT; EXPLICIT; TRAINING,0.96; 0.95; 0.95; 0.95; 0.98; 0.89,6,0.95,4,0.66,0,0.88,3/4,0.77,no,,Active
EMP-2033,Hari Permana,hari.permana@medika-nusantara.co.id,Makassar,MKS-01,Medical Representative — Junior,Sales,2020-03-16,6.1,Hadi Cahyadi,Reporting; Basic Sales Techniques; Customer Service; Time Management; Territory Management; Pharmaceutical Compliance,EXPLICIT; EXPLICIT; EXPLICIT; EXPLICIT; TRAINING; TRAINING,0.96; 0.94; 0.96; 0.96; 0.84; 0.83,6,0.92,,0.0,3,0.83,3/4,0.81,yes,missing_performance_data,Active
EMP-2034,Rama Sutrisno,rama.sutrisno@medika-nusantara.co.id,Semarang,SMG-01,Medical Representative — Junior,Sales,2018-02-10,8.2,Budi Hartono,Reporting; Customer Service; Basic Sales Techniques; Time Management; Territory Management; Medical Detailing,EXPLICIT; EXPLICIT; EXPLICIT; EXPLICIT; TRAINING; TRAINING,0.94; 0.96; 0.97; 0.96; 0.9; 0.87,6,0.93,3,0.85,3,0.95,4/4,0.93,no,,Active
EMP-2035,Bagas Setiawan,bagas.setiawan@medika-nusantara.co.id,Banjarmasin,BJM-01,Medical Representative — Junior,Sales,2019-06-04,6.9,Siti Nasution,Territory Management; B2B Sales; Medical Detailing,TRAINING; TRAINING; TRAINING,0.9; 0.91; 0.82,3,0.88,5,0.95,3,0.95,4/4,0.94,no,,Active
EMP-2036,Ahmad Iskandar,ahmad.iskandar@medika-nusantara.co.id,Denpasar,DPS-01,Medical Representative — Junior,Sales,2018-01-18,8.3,Hadi Cahyadi,Customer Relationship Management; Medical Detailing; Pharmaceutical Product Knowledge; Customer Service,TRAINING; TRAINING; ROLE_PRIOR; ROLE_PRIOR,0.91; 0.88; 0.56; 0.58,4,0.73,1,0.66,0,0.89,3/4,0.72,no,,Active
EMP-2037,Toni Putri,toni.putri@medika-nusantara.co.id,Jakarta Timur,JKT-03,Medical Representative — Junior,Sales,2024-10-10,1.6,Hadi Cahyadi,Territory Management; Pharmaceutical Compliance; Pharmaceutical Product Knowledge; Customer Service,TRAINING; TRAINING; ROLE_PRIOR; ROLE_PRIOR,0.9; 0.84; 0.7; 0.7,4,0.78,4,0.68,1,0.97,4/4,0.76,no,,Active
EMP-2038,Ratna Nugroho,ratna.nugroho@medika-nusantara.co.id,Makassar,MKS-01,Medical Representative — Junior,Sales,2018-04-21,8.0,Hadi Cahyadi,Time Management; Basic Sales Techniques; Pharmaceutical Compliance; Negotiation,EXPLICIT; EXPLICIT; TRAINING; TRAINING,0.96; 0.95; 0.8; 0.81,4,0.88,3,0.76,2,0.93,4/4,0.89,no,,Active
EMP-2039,Galih Iskandar,galih.iskandar@medika-nusantara.co.id,Pontianak,PTK-01,Medical Representative — Junior,Sales,2019-05-26,7.0,Eko Kurniawan,Basic Sales Techniques; Customer Service; Time Management; Pharmaceutical Product Knowledge; Pharmaceutical Compliance; Negotiation; Territory Management; Customer Relationship Management,EXPLICIT; EXPLICIT; EXPLICIT; EXPLICIT; TRAINING; TRAINING; TRAINING; TRAINING,0.94; 0.92; 0.98; 0.94; 0.86; 0.87; 0.79; 0.88,8,0.9,4,0.76,2,0.95,4/4,0.9,no,,Active
EMP-2040,Bayu Iskandar,bayu.iskandar@medika-nusantara.co.id,Pekanbaru,PKB-01,Medical Representative — Junior,Sales,2020-09-18,5.6,Eko Kurniawan,Pharmaceutical Product Knowledge; Time Management; Customer Service; Negotiation; B2B Sales; Pharmaceutical Compliance,EXPLICIT; EXPLICIT; EXPLICIT; TRAINING; TRAINING; TRAINING,0.97; 0.98; 0.95; 0.9; 0.9; 0.81,6,0.92,5,0.85,3,0.89,3/4,0.91,no,,Active
EMP-2041,Wahyu Cahyadi,wahyu.cahyadi@medika-nusantara.co.id,Palembang,PLB-01,Medical Representative — Junior,Sales,2022-11-15,3.5,Mega Wijaya,Negotiation; Customer Relationship Management; Medical Detailing; Pharmaceutical Compliance,TRAINING; TRAINING; TRAINING; TRAINING,0.86; 0.89; 0.85; 0.85,4,0.86,3,0.85,2,0.91,4/4,0.91,no,,Active
EMP-2042,Rini Tanuwijaya,rini.tanuwijaya@medika-nusantara.co.id,Palembang,PLB-01,Medical Representative — Junior,Sales,2021-02-11,5.2,Eko Kurniawan,Time Management; Basic Sales Techniques; Pharmaceutical Product Knowledge; Reporting; Territory Management; Customer Relationship Management; B2B Sales,EXPLICIT; EXPLICIT; EXPLICIT; EXPLICIT; TRAINING; TRAINING; TRAINING,0.94; 0.93; 0.93; 0.94; 0.84; 0.9; 0.79,7,0.9,,0.0,2,0.98,4/4,0.84,yes,missing_performance_data,Active
EMP-2043,Dita Pratama,dita.pratama@medika-nusantara.co.id,Pekanbaru,PKB-01,Medical Representative — Junior,Sales,2019-05-15,7.0,Joko Pratama,Basic Sales Techniques; Pharmaceutical Product Knowledge; Territory Management,EXPLICIT; EXPLICIT; TRAINING,0.99; 0.98; 0.91,3,0.96,,0.0,2,0.91,4/4,0.84,yes,missing_performance_data,On Leave
EMP-2044,Putri Santoso,putri.santoso@medika-nusantara.co.id,Palembang,PLB-01,Medical Representative — Junior,Sales,2020-09-23,5.6,Mega Wijaya,Reporting; Pharmaceutical Product Knowledge; Customer Service; Time Management; Customer Relationship Management; Pharmaceutical Compliance,EXPLICIT; EXPLICIT; EXPLICIT; EXPLICIT; TRAINING; TRAINING,0.94; 0.95; 0.96; 0.97; 0.91; 0.88,6,0.93,5,0.85,2,0.98,4/4,0.94,no,,Active
EMP-2045,Slamet Permana,slamet.permana@medika-nusantara.co.id,Denpasar,DPS-01,Medical Representative — Junior,Sales,2018-05-24,8.0,Budi Hartono,Pharmaceutical Product Knowledge; Basic Sales Techniques; Time Management; Customer Service; Territory Management,EXPLICIT; EXPLICIT; EXPLICIT; EXPLICIT; TRAINING,0.94; 0.98; 0.93; 0.95; 0.82,5,0.92,4,0.76,1,0.94,4/4,0.81,no,,Active
EMP-2046,Maya Cahyadi,maya.cahyadi@medika-nusantara.co.id,Yogyakarta,YGY-01,Medical Representative — Junior,Sales,2024-07-02,1.9,Sukarno Halim,Pharmaceutical Product Knowledge; Basic Sales Techniques; Customer Service; Pharmaceutical Compliance; Territory Management; Medical Detailing; Negotiation; B2B Sales,EXPLICIT; EXPLICIT; EXPLICIT; TRAINING; TRAINING; TRAINING; TRAINING; TRAINING,0.95; 0.98; 0.97; 0.9; 0.89; 0.9; 0.88; 0.85,8,0.92,,0.0,3,0.88,3/4,0.82,yes,missing_performance_data,Active
EMP-2047,Yusuf Putri,yusuf.putri@medika-nusantara.co.id,Jakarta Timur,JKT-03,Medical Representative — Junior,Sales,2022-12-13,3.4,Joko Pratama,Negotiation; Territory Management; B2B Sales; Customer Relationship Management,TRAINING; TRAINING; TRAINING; TRAINING,0.84; 0.78; 0.79; 0.87,4,0.82,3,0.85,3,0.98,4/4,0.91,no,,Active
EMP-2048,Rudi Salim,rudi.salim@medika-nusantara.co.id,Jakarta Selatan,JKT-02,Medical Representative — Junior,Sales,2023-05-01,3.0,Mega Wijaya,Customer Service; Basic Sales Techniques; Pharmaceutical Product Knowledge; Reporting; Pharmaceutical Compliance; Territory Management,EXPLICIT; EXPLICIT; EXPLICIT; EXPLICIT; TRAINING; TRAINING,0.93; 0.96; 0.99; 0.98; 0.89; 0.9,6,0.94,3,0.85,2,0.91,4/4,0.93,no,,Active
EMP-2049,Hari Maulana,hari.maulana@medika-nusantara.co.id,Palembang,PLB-01,Medical Representative — Junior,Sales,2019-04-15,7.1,Siti Nasution,Pharmaceutical Product Knowledge; Time Management; Basic Sales Techniques; Customer Service; Pharmaceutical Compliance; Negotiation; Customer Relationship Management,EXPLICIT; EXPLICIT; EXPLICIT; EXPLICIT; TRAINING; TRAINING; TRAINING,0.98; 0.93; 0.95; 0.93; 0.9; 0.91; 0.9,7,0.93,5,0.95,3,0.93,4/4,0.95,no,,Active
EMP-2050,Surya Wibowo,surya.wibowo@medika-nusantara.co.id,Semarang,SMG-01,Medical Representative — Junior,Sales,2024-08-04,1.8,Wahyu Setiawan,Medical Detailing; Negotiation; Customer Relationship Management; Pharmaceutical Compliance; Territory Management,TRAINING; TRAINING; TRAINING; TRAINING; TRAINING,0.87; 0.91; 0.92; 0.81; 0.88,5,0.88,3,0.76,2,0.89,3/4,0.88,no,,On Leave
EMP-2051,Lia Suryadi,lia.suryadi@medika-nusantara.co.id,Makassar,MKS-01,Medical Representative — Junior,Sales,2024-06-08,1.9,Mega Wijaya,Time Management; Customer Service; Reporting; Customer Relationship Management,EXPLICIT; EXPLICIT; EXPLICIT; TRAINING,0.93; 0.97; 0.95; 0.91,4,0.94,,0.0,1,0.94,4/4,0.75,yes,missing_performance_data,Active
EMP-2052,Slamet Saputra,slamet.saputra@medika-nusantara.co.id,Balikpapan,BPN-01,Medical Representative — Junior,Sales,2022-06-17,3.9,Joko Pratama,Medical Detailing; Negotiation; Customer Relationship Management,TRAINING; TRAINING; TRAINING,0.81; 0.9; 0.89,3,0.87,5,0.66,0,0.81,3/4,0.74,no,,Active
EMP-2053,Intan Widjaja,intan.widjaja@medika-nusantara.co.id,Banjarmasin,BJM-01,Medical Representative — Junior,Sales,2021-01-09,5.3,Andi Tanuwijaya,Medical Detailing; Territory Management; Customer Relationship Management,TRAINING; TRAINING; TRAINING,0.86; 0.92; 0.82,3,0.87,4,0.95,3,0.91,4/4,0.93,no,,Active
EMP-2054,Reza Hakim,reza.hakim@medika-nusantara.co.id,Denpasar,DPS-01,Medical Representative — Junior,Sales,2023-08-23,2.7,Rina Maulana,Time Management; Pharmaceutical Product Knowledge; Customer Service; Basic Sales Techniques; Customer Relationship Management,EXPLICIT; EXPLICIT; EXPLICIT; EXPLICIT; TRAINING,0.98; 0.95; 0.97; 0.95; 0.78,5,0.93,,0.0,1,0.94,4/4,0.74,yes,missing_performance_data,Active
EMP-2055,Yono Susanto,yono.susanto@medika-nusantara.co.id,Bogor,BGR-01,Medical Representative — Junior,Sales,2018-08-20,7.7,Rina Maulana,Pharmaceutical Compliance; Medical Detailing; Pharmaceutical Product Knowledge; Customer Service,TRAINING; TRAINING; ROLE_PRIOR; ROLE_PRIOR,0.88; 0.88; 0.68; 0.59,4,0.76,,0.0,2,0.97,4/4,0.81,yes,missing_performance_data,Active
EMP-2056,Dewi Lestari,dewi.lestari@medika-nusantara.co.id,Makassar,MKS-01,Medical Representative — Junior,Sales,2024-08-03,1.8,Joko Pratama,Basic Sales Techniques; Time Management; Customer Service; Pharmaceutical Product Knowledge; Territory Management; Pharmaceutical Compliance; Negotiation; Medical Detailing; Customer Relationship Management,EXPLICIT; EXPLICIT; EXPLICIT; EXPLICIT; TRAINING; TRAINING; TRAINING; TRAINING; TRAINING,0.96; 0.95; 0.99; 0.97; 0.8; 0.9; 0.79; 0.81; 0.8,9,0.89,3,0.85,3,0.93,4/4,0.92,no,,Active
EMP-2057,Ahmad Setiawan,ahmad.setiawan@medika-nusantara.co.id,Jakarta Pusat,JKT-01,Medical Representative — Junior,Sales,2020-03-04,6.2,Dewi Iskandar,Time Management; Basic Sales Techniques; Pharmaceutical Product Knowledge; Negotiation; Pharmaceutical Compliance,EXPLICIT; EXPLICIT; EXPLICIT; TRAINING; TRAINING,0.94; 0.94; 0.99; 0.85; 0.92,5,0.93,2,0.66,0,0.85,3/4,0.76,no,,Active
EMP-2058,Mega Wibowo,mega.wibowo@medika-nusantara.co.id,Semarang,SMG-01,Medical Representative — Junior,Sales,2018-08-17,7.7,Eko Kurniawan,Customer Relationship Management; B2B Sales; Negotiation; Pharmaceutical Compliance; Medical Detailing,TRAINING; TRAINING; TRAINING; TRAINING; TRAINING,0.82; 0.9; 0.91; 0.85; 0.84,5,0.86,,0.0,0,0.84,3/4,0.7,yes,missing_performance_data,Active
EMP-2059,Reza Lestari,reza.lestari@medika-nusantara.co.id,Surabaya,SBY-01,Medical Representative — Junior,Sales,2022-10-14,3.6,Dewi Iskandar,Customer Relationship Management; B2B Sales; Pharmaceutical Product Knowledge; Customer Service,TRAINING; TRAINING; ROLE_PRIOR; ROLE_PRIOR,0.86; 0.91; 0.66; 0.62,4,0.76,3,0.59,0,0.85,3/4,0.7,no,,Active
EMP-2060,Yusuf Tanuwijaya,yusuf.tanuwijaya@medika-nusantara.co.id,Bogor,BGR-01,Warehouse Supervisor,Logistics,2024-02-03,2.3,Diana Susanto,Cold Chain Management; Warehouse Management; Inventory Control; Team Leadership,EXPLICIT; ROLE_PRIOR; ROLE_PRIOR; ROLE_PRIOR,0.95; 0.57; 0.7; 0.63,4,0.71,5,0.85,2,0.92,4/4,0.87,no,,Active
EMP-2061,Indra Widjaja,indra.widjaja@medika-nusantara.co.id,Pontianak,PTK-01,Warehouse Supervisor,Logistics,2020-06-04,5.9,Dewi Iskandar,Cold Chain Management; Inventory Control; Warehouse Management; Distribution Planning; WMS Operation,EXPLICIT; EXPLICIT; EXPLICIT; TRAINING; TRAINING,0.93; 0.98; 0.93; 0.8; 0.85,5,0.9,4,0.76,2,0.86,3/4,0.88,no,,Active
EMP-2062,Rosa Maulana,rosa.maulana@medika-nusantara.co.id,Jakarta Pusat,JKT-01,Warehouse Supervisor,Logistics,2024-12-09,1.4,Mega Wijaya,WMS Operation; Cold Chain Management; Warehouse Management; Inventory Control,TRAINING; TRAINING; ROLE_PRIOR; ROLE_PRIOR,0.92; 0.85; 0.65; 0.62,4,0.76,3,0.85,2,0.86,3/4,0.87,no,,Active
EMP-2063,Rina Nasution,rina.nasution@medika-nusantara.co.id,Medan,MDN-01,Warehouse Supervisor,Logistics,2021-08-11,4.7,Hadi Cahyadi,WMS Operation; Cold Chain Management; Warehouse Management; Distribution Planning,TRAINING; TRAINING; TRAINING; TRAINING,0.78; 0.88; 0.88; 0.84,4,0.84,2,0.85,2,0.97,4/4,0.91,no,,Active
EMP-2064,Faisal Salim,faisal.salim@medika-nusantara.co.id,Pontianak,PTK-01,Warehouse Supervisor,Logistics,2021-02-10,5.2,Mega Wijaya,WMS Operation; Warehouse Management; Cold Chain Management; Distribution Planning,EXPLICIT; EXPLICIT; TRAINING; TRAINING,0.97; 0.95; 0.91; 0.86,4,0.92,2,0.85,3,0.88,3/4,0.91,no,,Active
EMP-2065,Bambang Wijaya,bambang.wijaya@medika-nusantara.co.id,Banjarmasin,BJM-01,Warehouse Supervisor,Logistics,2019-03-13,7.2,Eko Kurniawan,Distribution Planning; Cold Chain Management; Warehouse Management; Inventory Control,TRAINING; TRAINING; ROLE_PRIOR; ROLE_PRIOR,0.83; 0.88; 0.67; 0.71,4,0.77,4,0.85,2,0.87,3/4,0.87,no,,Active
EMP-2066,Rini Santoso,rini.santoso@medika-nusantara.co.id,Tangerang,TNG-01,Warehouse Supervisor,Logistics,2019-10-15,6.6,Wahyu Setiawan,Distribution Planning; Warehouse Management; Inventory Control; Team Leadership,TRAINING; TRAINING; ROLE_PRIOR; ROLE_PRIOR,0.83; 0.79; 0.56; 0.71,4,0.72,,0.0,3,0.9,4/4,0.78,yes,missing_performance_data,Active
EMP-2067,Doni Putri,doni.putri@medika-nusantara.co.id,Tangerang,TNG-01,Warehouse Supervisor,Logistics,2022-09-07,3.7,Diana Susanto,WMS Operation; Warehouse Management; Inventory Control; Team Leadership,TRAINING; ROLE_PRIOR; ROLE_PRIOR; ROLE_PRIOR,0.9; 0.57; 0.69; 0.58,4,0.68,3,0.85,3,0.92,4/4,0.86,no,,Active
EMP-2068,Sinta Suryadi,sinta.suryadi@medika-nusantara.co.id,Pontianak,PTK-01,Warehouse Supervisor,Logistics,2022-08-22,3.7,Eko Kurniawan,Distribution Planning; WMS Operation; Warehouse Management; Inventory Control,TRAINING; TRAINING; ROLE_PRIOR; ROLE_PRIOR,0.8; 0.85; 0.62; 0.69,4,0.74,3,0.85,3,0.88,3/4,0.87,no,,Active
EMP-2069,Bagas Wibowo,bagas.wibowo@medika-nusantara.co.id,Jakarta Timur,JKT-03,Warehouse Supervisor,Logistics,2020-05-03,6.0,Budi Hartono,WMS Operation; Distribution Planning; Warehouse Management; Cold Chain Management,TRAINING; TRAINING; TRAINING; TRAINING,0.9; 0.85; 0.85; 0.9,4,0.88,5,0.76,2,0.91,4/4,0.89,no,,On Leave
EMP-2070,Rizki Pratama,rizki.pratama@medika-nusantara.co.id,Manado,MND-01,Warehouse Supervisor,Logistics,2021-09-17,4.6,Diana Susanto,Warehouse Management; Distribution Planning; Inventory Control; Team Leadership,TRAINING; TRAINING; ROLE_PRIOR; ROLE_PRIOR,0.89; 0.87; 0.62; 0.62,4,0.75,3,0.85,3,0.94,4/4,0.89,no,,Active
EMP-2071,Hari Nugroho,hari.nugroho@medika-nusantara.co.id,Bandung,BDG-01,Warehouse Supervisor,Logistics,2023-10-28,2.5,Budi Hartono,Inventory Control; Team Leadership; Warehouse Management; WMS Operation; Distribution Planning; Cold Chain Management,EXPLICIT; EXPLICIT; EXPLICIT; EXPLICIT; TRAINING; TRAINING,0.95; 0.93; 0.98; 0.94; 0.92; 0.88,6,0.93,3,0.85,2,0.95,4/4,0.93,no,,Active
EMP-2072,Rosa Nasution,rosa.nasution@medika-nusantara.co.id,Tangerang,TNG-01,Warehouse Supervisor,Logistics,2023-07-17,2.8,Siti Nasution,Team Leadership; Warehouse Management; Cold Chain Management; WMS Operation; Distribution Planning,EXPLICIT; EXPLICIT; EXPLICIT; TRAINING; TRAINING,0.96; 0.95; 0.95; 0.88; 0.89,5,0.93,5,0.68,1,0.94,4/4,0.79,no,,Active
EMP-2073,Yono Hartanto,yono.hartanto@medika-nusantara.co.id,Manado,MND-01,Warehouse Supervisor,Logistics,2020-10-05,5.6,Hadi Cahyadi,Team Leadership; Inventory Control; Warehouse Management; Cold Chain Management; WMS Operation,EXPLICIT; EXPLICIT; EXPLICIT; EXPLICIT; TRAINING,0.92; 0.95; 0.97; 0.94; 0.88,5,0.93,4,0.68,1,0.98,4/4,0.8,no,,Active
EMP-2074,Anggun Wibowo,anggun.wibowo@medika-nusantara.co.id,Makassar,MKS-01,Warehouse Supervisor,Logistics,2020-08-27,5.7,Siti Nasution,WMS Operation; Cold Chain Management; Distribution Planning; Warehouse Management,EXPLICIT; EXPLICIT; TRAINING; TRAINING,0.93; 0.99; 0.82; 0.87,4,0.9,4,0.59,0,0.78,2/4,0.72,yes,low_identity_confidence,Active
EMP-2075,Dani Hartono,dani.hartono@medika-nusantara.co.id,Jakarta Timur,JKT-03,Warehouse Supervisor,Logistics,2022-02-10,4.2,Joko Pratama,WMS Operation; Cold Chain Management; Team Leadership,EXPLICIT; EXPLICIT; EXPLICIT,0.98; 0.99; 0.96,3,0.98,3,0.85,3,0.94,4/4,0.94,no,,Active
EMP-2076,Vina Wijaya,vina.wijaya@medika-nusantara.co.id,Bekasi,BKS-01,Logistics Coordinator,Logistics,2022-06-08,3.9,Mega Wijaya,Distribution Planning; Route Optimization; Vendor Management; Cold Chain Management,EXPLICIT; EXPLICIT; EXPLICIT; TRAINING,0.93; 0.93; 0.93; 0.89,4,0.92,4,0.85,2,0.99,4/4,0.94,no,,Active
EMP-2077,Rama Iskandar,rama.iskandar@medika-nusantara.co.id,Jakarta Timur,JKT-03,Logistics Coordinator,Logistics,2021-10-01,4.6,Andi Tanuwijaya,Distribution Planning; Cold Chain Management; Route Optimization; Vendor Management,EXPLICIT; TRAINING; ROLE_PRIOR; ROLE_PRIOR,0.94; 0.9; 0.7; 0.64,4,0.79,4,0.68,1,0.9,4/4,0.74,no,,Active
EMP-2078,Bayu Putri,bayu.putri@medika-nusantara.co.id,Balikpapan,BPN-01,Logistics Coordinator,Logistics,2022-01-21,4.3,Rina Maulana,GPS Tracking; Distribution Planning; Excel Advanced; WMS Operation; Warehouse Management,EXPLICIT; EXPLICIT; EXPLICIT; TRAINING; TRAINING,0.97; 0.99; 0.95; 0.9; 0.86,5,0.93,1,0.85,2,0.91,4/4,0.92,no,,On Leave
EMP-2079,Roni Hartono,roni.hartono@medika-nusantara.co.id,Pekanbaru,PKB-01,Logistics Coordinator,Logistics,2018-07-28,7.8,Andi Tanuwijaya,Excel Advanced; Warehouse Management; Cold Chain Management; WMS Operation,EXPLICIT; TRAINING; TRAINING; TRAINING,0.96; 0.88; 0.92; 0.9,4,0.92,2,0.76,2,0.98,4/4,0.92,no,,Active
EMP-2080,Tika Kurniawan,tika.kurniawan@medika-nusantara.co.id,Malang,MLG-01,Logistics Coordinator,Logistics,2020-11-06,5.5,Sukarno Halim,Vendor Management; GPS Tracking; Distribution Planning; Route Optimization,EXPLICIT; EXPLICIT; EXPLICIT; EXPLICIT,0.94; 0.92; 0.92; 0.96,4,0.94,2,0.85,3,0.96,4/4,0.94,no,,Active
EMP-2081,Tono Hartanto,tono.hartanto@medika-nusantara.co.id,Denpasar,DPS-01,Logistics Coordinator,Logistics,2018-11-07,7.5,Mega Wijaya,Distribution Planning; WMS Operation; Warehouse Management,TRAINING; TRAINING; TRAINING,0.8; 0.87; 0.87,3,0.85,4,0.76,1,0.96,4/4,0.79,no,,Active
EMP-2082,Roni Setiawan,roni.setiawan@medika-nusantara.co.id,Medan,MDN-01,Logistics Coordinator,Logistics,2018-07-20,7.8,Hadi Cahyadi,Warehouse Management; WMS Operation; Distribution Planning,TRAINING; TRAINING; TRAINING,0.85; 0.84; 0.85,3,0.85,1,0.85,2,0.92,4/4,0.9,no,,Active
EMP-2083,Yuli Maulana,yuli.maulana@medika-nusantara.co.id,Bekasi,BKS-01,Logistics Coordinator,Logistics,2024-01-03,2.3,Budi Hartono,Distribution Planning; Cold Chain Management; Warehouse Management; WMS Operation,TRAINING; TRAINING; TRAINING; TRAINING,0.88; 0.85; 0.9; 0.88,4,0.88,2,0.85,2,0.99,4/4,0.93,no,,Active
EMP-2084,Diana Kurniawan,diana.kurniawan@medika-nusantara.co.id,Bandung,BDG-01,Logistics Coordinator,Logistics,2021-02-19,5.2,Andi Tanuwijaya,Cold Chain Management; Warehouse Management; Distribution Planning; WMS Operation,TRAINING; TRAINING; TRAINING; TRAINING,0.83; 0.85; 0.92; 0.8,4,0.85,3,0.95,3,0.99,4/4,0.95,no,,Active
EMP-2085,Agus Halim,agus.halim@medika-nusantara.co.id,Jakarta Timur,JKT-03,Logistics Coordinator,Logistics,2019-02-05,7.3,Wahyu Setiawan,Excel Advanced; Route Optimization; Cold Chain Management; Warehouse Management; WMS Operation,EXPLICIT; EXPLICIT; TRAINING; TRAINING; TRAINING,0.96; 0.93; 0.84; 0.92; 0.82,5,0.89,4,0.85,3,0.91,4/4,0.91,no,,Active
EMP-2086,Ani Tjahjadi,ani.tjahjadi@medika-nusantara.co.id,Bandung,BDG-01,Logistics Coordinator,Logistics,2018-04-26,8.0,Eko Kurniawan,Warehouse Management; WMS Operation; Distribution Planning; Route Optimization,TRAINING; TRAINING; ROLE_PRIOR; ROLE_PRIOR,0.83; 0.8; 0.69; 0.7,4,0.76,4,0.85,2,0.9,4/4,0.88,no,,Active
EMP-2087,Tono Iskandar,tono.iskandar@medika-nusantara.co.id,Pontianak,PTK-01,Logistics Coordinator,Logistics,2024-07-27,1.8,Mega Wijaya,Distribution Planning; Route Optimization; Vendor Management; Excel Advanced,ROLE_PRIOR; ROLE_PRIOR; ROLE_PRIOR; ROLE_PRIOR,0.57; 0.59; 0.59; 0.61,4,0.59,3,0.76,2,0.94,4/4,0.82,yes,low_skill_confidence,Active
EMP-2088,Sinta Cahyadi,sinta.cahyadi@medika-nusantara.co.id,Surabaya,SBY-01,Logistics Coordinator,Logistics,2022-01-27,4.3,Rina Maulana,GPS Tracking; Route Optimization; Distribution Planning; WMS Operation; Warehouse Management; Cold Chain Management,EXPLICIT; EXPLICIT; EXPLICIT; TRAINING; TRAINING; TRAINING,0.92; 0.99; 0.98; 0.91; 0.89; 0.92,6,0.94,2,0.76,2,0.99,4/4,0.92,no,,Active
EMP-2089,Diana Hartono,diana.hartono@medika-nusantara.co.id,Bandung,BDG-01,Logistics Coordinator,Logistics,2019-10-19,6.6,Diana Susanto,GPS Tracking; Excel Advanced; Vendor Management,EXPLICIT; EXPLICIT; EXPLICIT,0.96; 0.98; 0.98,3,0.97,4,0.66,0,0.79,2/4,0.75,yes,low_identity_confidence,Active
EMP-2090,Faisal Salim,faisal.salim@medika-nusantara.co.id,Banjarmasin,BJM-01,Logistics Coordinator,Logistics,2018-08-21,7.7,Dewi Iskandar,Vendor Management; Route Optimization; Excel Advanced; Distribution Planning; Cold Chain Management,EXPLICIT; EXPLICIT; EXPLICIT; EXPLICIT; TRAINING,0.98; 0.93; 0.93; 0.99; 0.89,5,0.94,4,0.76,1,0.94,4/4,0.81,no,,Active
EMP-2091,Yusuf Permana,yusuf.permana@medika-nusantara.co.id,Tangerang,TNG-01,Logistics Coordinator,Logistics,2020-07-05,5.8,Sukarno Halim,GPS Tracking; Route Optimization; Distribution Planning,EXPLICIT; EXPLICIT; EXPLICIT,0.97; 0.95; 0.96,3,0.96,3,0.59,0,0.85,3/4,0.75,no,,Active
EMP-2092,Slamet Hidayat,slamet.hidayat@medika-nusantara.co.id,Medan,MDN-01,Pharmacist,Pharmacy,2023-06-07,2.9,Joko Pratama,BPOM Regulation; GDP Compliance; Pharmaceutical Compliance; Drug Safety,TRAINING; TRAINING; ROLE_PRIOR; ROLE_PRIOR,0.8; 0.84; 0.71; 0.7,4,0.76,3,0.95,3,0.95,4/4,0.92,no,,Active
EMP-2093,Galih Suryadi,galih.suryadi@medika-nusantara.co.id,Bandung,BDG-01,Pharmacist,Pharmacy,2018-02-14,8.2,Rina Maulana,GDP Compliance; Quality Audit; Pharmaceutical Compliance; Drug Safety,TRAINING; TRAINING; ROLE_PRIOR; ROLE_PRIOR,0.84; 0.89; 0.67; 0.64,4,0.76,3,0.66,0,0.77,2/4,0.7,yes,low_identity_confidence,Active
EMP-2094,Bambang Kurniawan,bambang.kurniawan@medika-nusantara.co.id,Tangerang,TNG-01,Pharmacist,Pharmacy,2024-06-18,1.9,Hadi Cahyadi,Pharmaceutical Compliance; Drug Safety; Inventory Management; BPOM Regulation,ROLE_PRIOR; ROLE_PRIOR; ROLE_PRIOR; ROLE_PRIOR,0.62; 0.62; 0.56; 0.71,4,0.63,,0.0,3,0.94,4/4,0.77,yes,low_skill_confidence; missing_performance_data,Active
EMP-2095,Arif Kurniawan,arif.kurniawan@medika-nusantara.co.id,Denpasar,DPS-01,Pharmacist,Pharmacy,2019-07-20,6.8,Wahyu Setiawan,Drug Safety; GDP Compliance; BPOM Regulation; Quality Audit,TRAINING; TRAINING; TRAINING; TRAINING,0.89; 0.9; 0.92; 0.84,4,0.89,3,0.95,3,0.99,4/4,0.96,no,,Active
EMP-2096,Diana Suryadi,diana.suryadi@medika-nusantara.co.id,Semarang,SMG-01,Pharmacist,Pharmacy,2024-10-19,1.6,Mega Wijaya,GDP Compliance; BPOM Regulation; Drug Safety; Quality Audit,TRAINING; TRAINING; TRAINING; TRAINING,0.82; 0.83; 0.9; 0.91,4,0.86,,0.0,1,0.89,3/4,0.71,yes,missing_performance_data,Active
EMP-2097,Arif Salim,arif.salim@medika-nusantara.co.id,Balikpapan,BPN-01,Pharmacist,Pharmacy,2018-12-05,7.4,Rina Maulana,Quality Audit; GDP Compliance; Pharmaceutical Compliance; Drug Safety,TRAINING; TRAINING; ROLE_PRIOR; ROLE_PRIOR,0.9; 0.87; 0.66; 0.63,4,0.77,5,0.85,2,0.94,4/4,0.89,no,,Active
EMP-2098,Surya Maulana,surya.maulana@medika-nusantara.co.id,Semarang,SMG-01,Pharmacist,Pharmacy,2020-09-10,5.7,Wahyu Setiawan,Drug Safety; Pharmaceutical Compliance; Inventory Management; BPOM Regulation,TRAINING; ROLE_PRIOR; ROLE_PRIOR; ROLE_PRIOR,0.9; 0.56; 0.64; 0.62,4,0.68,3,0.85,3,0.96,4/4,0.87,no,,Active
EMP-2099,Yono Lestari,yono.lestari@medika-nusantara.co.id,Jakarta Selatan,JKT-02,Pharmacist,Pharmacy,2024-03-10,2.2,Mega Wijaya,Pharmaceutical Compliance; Drug Safety; GDP Compliance; BPOM Regulation; Quality Audit,EXPLICIT; EXPLICIT; TRAINING; TRAINING; TRAINING,0.96; 0.96; 0.89; 0.8; 0.78,5,0.88,5,0.85,2,0.85,3/4,0.9,no,,Active
EMP-2100,Maya Hidayat,maya.hidayat@medika-nusantara.co.id,Jakarta Selatan,JKT-02,Pharmacist,Pharmacy,2019-11-08,6.5,Mega Wijaya,GDP Compliance; BPOM Regulation; Pharmaceutical Compliance; Drug Safety,TRAINING; TRAINING; ROLE_PRIOR; ROLE_PRIOR,0.88; 0.92; 0.57; 0.56,4,0.73,5,0.95,3,0.82,3/4,0.88,no,,Active
EMP-2101,Tari Suryadi,tari.suryadi@medika-nusantara.co.id,Denpasar,DPS-01,Pharmacist,Pharmacy,2024-05-11,2.0,Hadi Cahyadi,Pharmaceutical Compliance; BPOM Regulation; Prescription Review; Drug Safety; Inventory Management; GDP Compliance; Quality Audit,EXPLICIT; EXPLICIT; EXPLICIT; EXPLICIT; EXPLICIT; TRAINING; TRAINING,0.94; 0.94; 0.97; 0.96; 0.97; 0.91; 0.87,7,0.94,5,0.76,1,0.94,4/4,0.81,no,,Active
EMP-2102,Endah Hakim,endah.hakim@medika-nusantara.co.id,Surabaya,SBY-01,Pharmacist,Pharmacy,2020-10-20,5.5,Mega Wijaya,GDP Compliance; Drug Safety; Quality Audit; BPOM Regulation,TRAINING; TRAINING; TRAINING; TRAINING,0.89; 0.86; 0.8; 0.83,4,0.84,1,0.59,0,0.73,2/4,0.69,yes,low_identity_confidence; low_overall_quality,Active
EMP-2103,Cahaya Saputra,cahaya.saputra@medika-nusantara.co.id,Makassar,MKS-01,Pharmacist,Pharmacy,2024-05-19,2.0,Mega Wijaya,BPOM Regulation; Prescription Review; GDP Compliance,EXPLICIT; EXPLICIT; TRAINING,0.93; 0.95; 0.84,3,0.91,4,0.68,1,0.95,4/4,0.79,no,,Active
EMP-2104,Sari Setiawan,sari.setiawan@medika-nusantara.co.id,Denpasar,DPS-01,Pharmacist,Pharmacy,2024-05-11,2.0,Dewi Iskandar,Drug Safety; Inventory Management; BPOM Regulation,EXPLICIT; EXPLICIT; EXPLICIT,0.96; 0.97; 0.98,3,0.97,,0.0,1,0.91,4/4,0.75,yes,missing_performance_data,Active
EMP-2105,Tari Iskandar,tari.iskandar@medika-nusantara.co.id,Manado,MND-01,Pharmacist,Pharmacy,2023-05-12,3.0,Hadi Cahyadi,Drug Safety; Pharmaceutical Compliance; Inventory Management; BPOM Regulation,TRAINING; ROLE_PRIOR; ROLE_PRIOR; ROLE_PRIOR,0.91; 0.67; 0.62; 0.58,4,0.7,3,0.76,2,0.99,4/4,0.86,no,,Active
EMP-2106,Rosa Halim,rosa.halim@medika-nusantara.co.id,Malang,MLG-01,Pharmacist,Pharmacy,2022-02-17,4.2,Andi Tanuwijaya,GDP Compliance; Drug Safety; BPOM Regulation; Quality Audit,TRAINING; TRAINING; TRAINING; TRAINING,0.85; 0.85; 0.88; 0.84,4,0.85,3,0.76,2,0.95,4/4,0.89,no,,Active
EMP-2107,Mega Putri,mega.putri@medika-nusantara.co.id,Balikpapan,BPN-01,Pharmacist,Pharmacy,2018-08-05,7.8,Wahyu Setiawan,Drug Safety; Quality Audit; BPOM Regulation,TRAINING; TRAINING; TRAINING,0.8; 0.9; 0.8,3,0.83,3,0.95,3,0.96,4/4,0.93,no,,Active
EMP-2108,Indra Sari,indra.sari@medika-nusantara.co.id,Denpasar,DPS-01,Pharmacist,Pharmacy,2018-08-02,7.8,Dewi Iskandar,Inventory Management; Prescription Review; BPOM Regulation; Quality Audit; GDP Compliance,EXPLICIT; EXPLICIT; EXPLICIT; TRAINING; TRAINING,0.95; 0.98; 0.93; 0.86; 0.79,5,0.9,4,0.95,3,0.95,4/4,0.95,no,,Active
EMP-2109,Endah Hartono,endah.hartono@medika-nusantara.co.id,Banjarmasin,BJM-01,Pharmacist,Pharmacy,2020-02-06,6.3,Joko Pratama,BPOM Regulation; GDP Compliance; Drug Safety; Quality Audit,TRAINING; TRAINING; TRAINING; TRAINING,0.85; 0.8; 0.83; 0.9,4,0.84,3,0.95,3,0.72,2/4,0.88,yes,low_identity_confidence,Active
EMP-2110,Dimas Hakim,dimas.hakim@medika-nusantara.co.id,Jakarta Pusat,JKT-01,Pharmacist,Pharmacy,2023-07-20,2.8,Joko Pratama,Quality Audit; Drug Safety; Pharmaceutical Compliance; Inventory Management,TRAINING; TRAINING; ROLE_PRIOR; ROLE_PRIOR,0.89; 0.85; 0.67; 0.65,4,0.77,4,0.95,3,0.96,4/4,0.92,no,,Active
EMP-2111,Iwan Hartono,iwan.hartono@medika-nusantara.co.id,Pontianak,PTK-01,Pharmacist,Pharmacy,2022-05-08,4.0,Wahyu Setiawan,Inventory Management; Pharmaceutical Compliance; Drug Safety; GDP Compliance; Quality Audit; BPOM Regulation,EXPLICIT; EXPLICIT; EXPLICIT; TRAINING; TRAINING; TRAINING,0.93; 0.96; 0.96; 0.83; 0.91; 0.83,6,0.9,,0.0,3,0.85,3/4,0.81,yes,missing_performance_data,Active
EMP-2112,Ratna Hartono,ratna.hartono@medika-nusantara.co.id,Balikpapan,BPN-01,Quality Assurance Officer,Pharmacy,2023-11-13,2.5,Wahyu Setiawan,Process Improvement; GDP Compliance; Quality Audit; BPOM Regulation,EXPLICIT; EXPLICIT; TRAINING; TRAINING,0.92; 0.96; 0.89; 0.82,4,0.9,4,0.76,1,0.94,4/4,0.8,no,,Active
EMP-2113,Eko Hartono,eko.hartono@medika-nusantara.co.id,Semarang,SMG-01,Quality Assurance Officer,Pharmacy,2022-03-13,4.2,Eko Kurniawan,Drug Safety; BPOM Regulation; Quality Audit; GDP Compliance,TRAINING; TRAINING; TRAINING; TRAINING,0.86; 0.89; 0.91; 0.85,4,0.88,2,0.76,2,0.91,4/4,0.89,no,,Active
EMP-2114,Faisal Suryadi,faisal.suryadi@medika-nusantara.co.id,Surabaya,SBY-01,Quality Assurance Officer,Pharmacy,2018-04-07,8.1,Siti Nasution,Drug Safety; GDP Compliance; Quality Audit; BPOM Regulation,TRAINING; TRAINING; TRAINING; TRAINING,0.85; 0.91; 0.82; 0.81,4,0.85,3,0.68,1,0.8,3/4,0.73,no,,Active
EMP-2115,Putri Santoso,putri.santoso@medika-nusantara.co.id,Jakarta Selatan,JKT-02,Quality Assurance Officer,Pharmacy,2020-06-14,5.9,Joko Pratama,CAPA; GDP Compliance; Process Improvement; Quality Audit; Documentation,EXPLICIT; EXPLICIT; EXPLICIT; EXPLICIT; EXPLICIT,0.98; 0.92; 0.95; 0.95; 0.98,5,0.96,3,0.76,1,0.86,3/4,0.79,no,,Active
EMP-2116,Amalia Permana,amalia.permana@medika-nusantara.co.id,Malang,MLG-01,Quality Assurance Officer,Pharmacy,2023-12-16,2.4,Andi Tanuwijaya,Quality Audit; BPOM Regulation; Drug Safety,EXPLICIT; TRAINING; TRAINING,0.93; 0.82; 0.79,3,0.85,3,0.85,3,0.91,4/4,0.9,no,,Active
EMP-2117,Dita Wijaya,dita.wijaya@medika-nusantara.co.id,Bandung,BDG-01,Quality Assurance Officer,Pharmacy,2023-04-03,3.1,Hadi Cahyadi,GDP Compliance; Quality Audit; CAPA; Documentation,ROLE_PRIOR; ROLE_PRIOR; ROLE_PRIOR; ROLE_PRIOR,0.61; 0.55; 0.56; 0.62,4,0.58,3,0.95,3,0.92,4/4,0.86,yes,low_skill_confidence,Active
EMP-2118,Yono Hartono,yono.hartono@medika-nusantara.co.id,Banjarmasin,BJM-01,Quality Assurance Officer,Pharmacy,2022-12-09,3.4,Dewi Iskandar,GDP Compliance; CAPA; BPOM Regulation; Drug Safety; Quality Audit,EXPLICIT; EXPLICIT; TRAINING; TRAINING; TRAINING,0.94; 0.96; 0.81; 0.85; 0.85,5,0.88,4,0.76,1,0.93,4/4,0.79,no,,Active
EMP-2119,Putri Cahyadi,putri.cahyadi@medika-nusantara.co.id,Jakarta Timur,JKT-03,Quality Assurance Officer,Pharmacy,2020-11-27,5.4,Hadi Cahyadi,CAPA; GDP Compliance; Process Improvement; BPOM Regulation; Drug Safety,EXPLICIT; EXPLICIT; EXPLICIT; TRAINING; TRAINING,0.96; 0.98; 0.92; 0.86; 0.86,5,0.92,,0.0,1,0.83,3/4,0.71,yes,missing_performance_data,Active
EMP-2120,Tika Cahyadi,tika.cahyadi@medika-nusantara.co.id,Pontianak,PTK-01,Quality Assurance Officer,Pharmacy,2019-04-28,7.0,Wahyu Setiawan,Quality Audit; GDP Compliance; CAPA; Documentation; BPOM Regulation; Drug Safety,EXPLICIT; EXPLICIT; EXPLICIT; EXPLICIT; TRAINING; TRAINING,0.97; 0.93; 0.96; 0.93; 0.81; 0.91,6,0.92,5,0.76,2,0.97,4/4,0.91,no,,Active
EMP-2121,Rini Saputra,rini.saputra@medika-nusantara.co.id,Banjarmasin,BJM-01,Quality Assurance Officer,Pharmacy,2024-07-22,1.8,Andi Tanuwijaya,Drug Safety; BPOM Regulation; GDP Compliance; Quality Audit,TRAINING; TRAINING; ROLE_PRIOR; ROLE_PRIOR,0.91; 0.87; 0.66; 0.58,4,0.76,,0.0,1,0.8,3/4,0.67,yes,missing_performance_data; low_overall_quality,Active
EMP-2122,Diana Lestari,diana.lestari@medika-nusantara.co.id,Semarang,SMG-01,Quality Assurance Officer,Pharmacy,2020-08-16,5.7,Andi Tanuwijaya,GDP Compliance; Documentation; Process Improvement; Quality Audit; BPOM Regulation,EXPLICIT; EXPLICIT; EXPLICIT; EXPLICIT; TRAINING,0.92; 0.97; 0.96; 0.94; 0.84,5,0.93,4,0.85,3,0.83,3/4,0.9,no,,Active
EMP-2123,Yusuf Nasution,yusuf.nasution@medika-nusantara.co.id,Denpasar,DPS-01,Quality Assurance Officer,Pharmacy,2018-02-01,8.3,Rina Maulana,Process Improvement; GDP Compliance; Documentation,EXPLICIT; EXPLICIT; EXPLICIT,0.98; 0.99; 0.96,3,0.98,3,0.85,2,0.96,4/4,0.95,no,,Active
EMP-2124,Aditya Hartono,aditya.hartono@medika-nusantara.co.id,Bekasi,BKS-01,Customer Service Officer,Customer Service,2024-06-28,1.9,Siti Nasution,Communication; Complaint Handling; CRM Tools,TRAINING; TRAINING; TRAINING,0.83; 0.81; 0.91,3,0.85,4,0.76,1,0.83,3/4,0.76,no,,Active
EMP-2125,Hadi Saputra,hadi.saputra@medika-nusantara.co.id,Jakarta Timur,JKT-03,Customer Service Officer,Customer Service,2020-08-26,5.7,Dewi Iskandar,Complaint Handling; CRM Tools; Customer Service; Communication,TRAINING; TRAINING; ROLE_PRIOR; ROLE_PRIOR,0.87; 0.78; 0.55; 0.58,4,0.7,,0.0,1,0.81,3/4,0.65,yes,missing_performance_data; low_overall_quality,Active
EMP-2126,Anggun Widjaja,anggun.widjaja@medika-nusantara.co.id,Bandung,BDG-01,Customer Service Officer,Customer Service,2021-11-20,4.5,Wahyu Setiawan,Complaint Handling; Communication; CRM Tools,EXPLICIT; EXPLICIT; TRAINING,0.92; 0.98; 0.87,3,0.92,5,0.76,1,0.95,4/4,0.81,no,,Active
EMP-2127,Anggun Hidayat,anggun.hidayat@medika-nusantara.co.id,Surabaya,SBY-01,Customer Service Officer,Customer Service,2024-07-12,1.8,Dewi Iskandar,Complaint Handling; CRM Tools; Communication,TRAINING; TRAINING; TRAINING,0.83; 0.8; 0.89,3,0.84,4,0.59,0,0.88,3/4,0.73,no,,Active
EMP-2128,Bagas Hidayat,bagas.hidayat@medika-nusantara.co.id,Bekasi,BKS-01,Customer Service Officer,Customer Service,2023-07-26,2.8,Budi Hartono,Communication; CRM Tools; Customer Service; Complaint Handling,TRAINING; TRAINING; ROLE_PRIOR; ROLE_PRIOR,0.84; 0.81; 0.55; 0.6,4,0.7,3,0.95,3,0.95,4/4,0.9,no,,Active
EMP-2129,Diana Sutrisno,diana.sutrisno@medika-nusantara.co.id,Tangerang,TNG-01,Customer Service Officer,Customer Service,2019-11-22,6.5,Sukarno Halim,Communication; CRM Tools; Complaint Handling,TRAINING; TRAINING; TRAINING,0.82; 0.88; 0.81,3,0.84,5,0.76,2,0.81,3/4,0.85,no,,Active
EMP-2130,Roni Hartono,roni.hartono@medika-nusantara.co.id,Pontianak,PTK-01,Customer Service Officer,Customer Service,2021-08-25,4.7,Andi Tanuwijaya,Customer Service; CRM Tools; Complaint Handling; Communication,ROLE_PRIOR; ROLE_PRIOR; ROLE_PRIOR; ROLE_PRIOR,0.67; 0.59; 0.58; 0.69,4,0.63,3,0.85,3,0.93,4/4,0.85,yes,low_skill_confidence,Active
EMP-2131,Yuli Nugroho,yuli.nugroho@medika-nusantara.co.id,Tangerang,TNG-01,Customer Service Officer,Customer Service,2019-09-16,6.6,Sukarno Halim,Communication; Complaint Handling; Customer Service; CRM Tools,EXPLICIT; EXPLICIT; EXPLICIT; EXPLICIT,0.96; 0.97; 0.93; 0.99,4,0.96,,0.0,3,0.86,3/4,0.83,yes,missing_performance_data,Active
EMP-2132,Amalia Tjahjadi,amalia.tjahjadi@medika-nusantara.co.id,Medan,MDN-01,Customer Service Officer,Customer Service,2022-03-18,4.1,Sukarno Halim,Problem Solving; CRM Tools; Communication; Customer Service; Complaint Handling,EXPLICIT; EXPLICIT; EXPLICIT; EXPLICIT; TRAINING,0.92; 0.95; 0.97; 0.97; 0.9,5,0.94,3,0.85,2,0.77,2/4,0.89,yes,low_identity_confidence,Active
EMP-2133,Putri Cahyadi,putri.cahyadi@medika-nusantara.co.id,Palembang,PLB-01,Customer Service Officer,Customer Service,2023-04-07,3.1,Hadi Cahyadi,Communication; CRM Tools; Problem Solving; Customer Service; Complaint Handling,EXPLICIT; EXPLICIT; EXPLICIT; EXPLICIT; EXPLICIT,0.92; 0.98; 0.96; 0.94; 0.95,5,0.95,,0.0,2,0.94,4/4,0.85,yes,missing_performance_data,Active
EMP-2134,Diana Lestari,diana.lestari@medika-nusantara.co.id,Malang,MLG-01,Customer Service Officer,Customer Service,2020-06-28,5.9,Wahyu Setiawan,Complaint Handling; Customer Service; CRM Tools; Communication,TRAINING; ROLE_PRIOR; ROLE_PRIOR; ROLE_PRIOR,0.81; 0.67; 0.71; 0.71,4,0.72,3,0.68,1,0.88,3/4,0.72,no,,Active
EMP-2135,Adi Cahyadi,adi.cahyadi@medika-nusantara.co.id,Medan,MDN-01,Customer Service Officer,Customer Service,2021-11-18,4.5,Sukarno Halim,CRM Tools; Customer Service; Complaint Handling; Communication,TRAINING; ROLE_PRIOR; ROLE_PRIOR; ROLE_PRIOR,0.78; 0.62; 0.55; 0.69,4,0.66,3,0.95,3,0.91,4/4,0.88,no,,Active
EMP-2136,Hari Hartono,hari.hartono@medika-nusantara.co.id,Bogor,BGR-01,Customer Service Officer,Customer Service,2021-11-16,4.5,Mega Wijaya,Communication; Customer Service; Complaint Handling; CRM Tools,EXPLICIT; EXPLICIT; EXPLICIT; EXPLICIT,0.99; 0.97; 0.96; 0.97,4,0.97,2,0.85,2,0.82,3/4,0.91,no,,Active
EMP-2137,Dita Salim,dita.salim@medika-nusantara.co.id,Palembang,PLB-01,Customer Service Officer,Customer Service,2018-10-04,7.6,Siti Nasution,CRM Tools; Problem Solving; Communication; Complaint Handling,EXPLICIT; EXPLICIT; EXPLICIT; TRAINING,0.92; 0.93; 0.98; 0.84,4,0.92,4,0.66,0,0.81,3/4,0.75,no,,Active
EMP-2138,Putri Widjaja,putri.widjaja@medika-nusantara.co.id,Tangerang,TNG-01,Customer Service Officer,Customer Service,2024-12-19,1.4,Wahyu Setiawan,Complaint Handling; CRM Tools; Communication,TRAINING; TRAINING; TRAINING,0.86; 0.82; 0.83,3,0.84,3,0.68,1,0.91,4/4,0.76,no,,Active
EMP-2139,Endah Rahman,endah.rahman@medika-nusantara.co.id,Palembang,PLB-01,Customer Service Officer,Customer Service,2024-07-02,1.9,Diana Susanto,Communication; CRM Tools; Complaint Handling,TRAINING; TRAINING; TRAINING,0.87; 0.78; 0.83,3,0.83,,0.0,2,0.92,4/4,0.81,yes,missing_performance_data,Active
EMP-2140,Joko Lestari,joko.lestari@medika-nusantara.co.id,Pekanbaru,PKB-01,Branch Manager,Management,2023-06-15,2.9,Dewi Iskandar,Coaching; P&L Management; Strategic Planning; Stakeholder Management; Team Leadership,EXPLICIT; EXPLICIT; EXPLICIT; EXPLICIT; TRAINING,0.93; 0.92; 0.97; 0.96; 0.9,5,0.94,4,0.68,1,0.76,2/4,0.75,yes,low_identity_confidence,Active
EMP-2141,Reza Hartanto,reza.hartanto@medika-nusantara.co.id,Pekanbaru,PKB-01,Branch Manager,Management,2022-03-19,4.1,Hadi Cahyadi,Team Leadership; P&L Management; Stakeholder Management,EXPLICIT; EXPLICIT; EXPLICIT,0.93; 0.92; 0.93,3,0.93,5,0.68,1,0.85,3/4,0.77,no,,Active
EMP-2142,Lina Iskandar,lina.iskandar@medika-nusantara.co.id,Tangerang,TNG-01,Branch Manager,Management,2019-05-03,7.0,Joko Pratama,Strategic Planning; P&L Management; Coaching; Stakeholder Management,EXPLICIT; EXPLICIT; EXPLICIT; EXPLICIT,0.96; 0.94; 0.99; 0.96,4,0.96,3,0.85,3,0.97,4/4,0.94,no,,Active
EMP-2143,Rudi Wijaya,rudi.wijaya@medika-nusantara.co.id,Balikpapan,BPN-01,Branch Manager,Management,2019-10-08,6.6,Wahyu Setiawan,P&L Management; Team Leadership; Strategic Planning,TRAINING; TRAINING; TRAINING,0.86; 0.79; 0.83,3,0.83,,0.0,1,0.92,4/4,0.71,yes,missing_performance_data,Active
EMP-2144,Dani Gunawan,dani.gunawan@medika-nusantara.co.id,Bandung,BDG-01,Branch Manager,Management,2024-03-21,2.1,Dewi Iskandar,Strategic Planning; P&L Management; Team Leadership,EXPLICIT; TRAINING; TRAINING,0.95; 0.88; 0.85,3,0.89,3,0.76,1,0.82,3/4,0.77,no,,Active
EMP-2145,Faisal Putri,faisal.putri@medika-nusantara.co.id,Bekasi,BKS-01,Branch Manager,Management,2018-10-24,7.5,Wahyu Setiawan,Coaching; Strategic Planning; Stakeholder Management; Team Leadership,EXPLICIT; EXPLICIT; EXPLICIT; TRAINING,0.93; 0.98; 0.98; 0.85,4,0.94,2,0.85,2,0.86,3/4,0.91,no,,Active
EMP-2146,Cahaya Wijaya,cahaya.wijaya@medika-nusantara.co.id,Bekasi,BKS-01,Branch Manager,Management,2022-09-07,3.7,Rina Maulana,Team Leadership; Strategic Planning; P&L Management; Stakeholder Management,EXPLICIT; EXPLICIT; ROLE_PRIOR; ROLE_PRIOR,0.97; 0.99; 0.61; 0.68,4,0.81,3,0.85,2,0.87,3/4,0.88,no,,Active
EMP-2147,Dani Hakim,dani.hakim@medika-nusantara.co.id,Tangerang,TNG-01,Branch Manager,Management,2024-10-14,1.6,Dewi Iskandar,P&L Management; Team Leadership; Coaching,EXPLICIT; EXPLICIT; EXPLICIT,0.93; 0.94; 0.93,3,0.93,2,0.85,3,0.99,4/4,0.94,no,,Active
EMP-2148,Nurul Salim,nurul.salim@medika-nusantara.co.id,Banjarmasin,BJM-01,Branch Manager,Management,2021-02-21,5.2,Mega Wijaya,Stakeholder Management; Team Leadership; Coaching,EXPLICIT; EXPLICIT; EXPLICIT,0.98; 0.97; 0.94,3,0.96,5,0.95,3,0.9,4/4,0.95,no,,Active
EMP-2149,Hadi Nugroho,hadi.nugroho@medika-nusantara.co.id,Jakarta Timur,JKT-03,Branch Manager,Management,2019-01-08,7.3,Sukarno Halim,Strategic Planning; P&L Management; Team Leadership; Stakeholder Management,TRAINING; ROLE_PRIOR; ROLE_PRIOR; ROLE_PRIOR,0.91; 0.55; 0.67; 0.61,4,0.69,4,0.68,1,0.9,4/4,0.72,no,,Active
EMP-2150,Ani Suryadi,ani.suryadi@medika-nusantara.co.id,Medan,MDN-01,Branch Manager,Management,2024-12-09,1.4,Wahyu Setiawan,Stakeholder Management; Strategic Planning; Team Leadership; P&L Management,EXPLICIT; EXPLICIT; TRAINING; TRAINING,0.97; 0.99; 0.92; 0.92,4,0.95,2,0.66,0,0.79,2/4,0.75,yes,low_identity_confidence,On Leave
EMP-2151,Mega Wibowo,mega.wibowo@medika-nusantara.co.id,Tangerang,TNG-01,Branch Manager,Management,2021-10-06,4.6,Joko Pratama,Strategic Planning; Team Leadership; P&L Management,EXPLICIT; TRAINING; TRAINING,0.93; 0.83; 0.83,3,0.86,,0.0,3,0.71,2/4,0.77,yes,low_identity_confidence; missing_performance_data,Active
EMP-2152,Yusuf Saputra,yusuf.saputra@medika-nusantara.co.id,Bogor,BGR-01,Branch Manager,Management,2023-12-21,2.4,Diana Susanto,Stakeholder Management; Strategic Planning; Team Leadership; P&L Management,EXPLICIT; EXPLICIT; EXPLICIT; TRAINING,0.98; 0.94; 0.92; 0.89,4,0.93,3,0.66,0,0.72,2/4,0.73,yes,low_identity_confidence,Active
EMP-2153,Roni Pratama,roni.pratama@medika-nusantara.co.id,Denpasar,DPS-01,Branch Manager,Management,2024-05-25,2.0,Joko Pratama,Strategic Planning; P&L Management; Team Leadership; Stakeholder Management,TRAINING; ROLE_PRIOR; ROLE_PRIOR; ROLE_PRIOR,0.81; 0.56; 0.63; 0.66,4,0.67,4,0.95,3,0.8,2/4,0.85,yes,low_identity_confidence,Active
EMP-2154,Mega Salim,mega.salim@medika-nusantara.co.id,Jakarta Pusat,JKT-01,Branch Manager,Management,2024-04-05,2.1,Wahyu Setiawan,Strategic Planning; Team Leadership; P&L Management,TRAINING; TRAINING; TRAINING,0.85; 0.85; 0.84,3,0.85,,0.0,2,0.98,4/4,0.83,yes,missing_performance_data,Active
EMP-2155,Roni Hidayat,roni.hidayat@medika-nusantara.co.id,Jakarta Timur,JKT-03,Branch Manager,Management,2019-12-09,6.4,Dewi Iskandar,P&L Management; Team Leadership; Strategic Planning,TRAINING; TRAINING; TRAINING,0.85; 0.82; 0.84,3,0.84,3,0.76,2,0.97,4/4,0.89,no,,Active
EMP-2156,Ratna Tanuwijaya,ratna.tanuwijaya@medika-nusantara.co.id,Bekasi,BKS-01,Finance & Admin Officer,Finance & Admin,2020-06-26,5.9,Eko Kurniawan,SAP Finance; Reconciliation; Accounting,EXPLICIT; EXPLICIT; EXPLICIT,0.94; 0.95; 0.95,3,0.95,2,0.95,3,0.8,3/4,0.93,no,,Active
EMP-2157,Agus Wibowo,agus.wibowo@medika-nusantara.co.id,Makassar,MKS-01,Finance & Admin Officer,Finance & Admin,2022-06-25,3.9,Wahyu Setiawan,Excel Advanced; SAP Finance; Accounting; Tax Compliance,EXPLICIT; EXPLICIT; ROLE_PRIOR; ROLE_PRIOR,0.96; 0.94; 0.56; 0.64,4,0.78,4,0.68,1,0.93,4/4,0.75,no,,Active
EMP-2158,Reza Kurniawan,reza.kurniawan@medika-nusantara.co.id,Jakarta Selatan,JKT-02,Finance & Admin Officer,Finance & Admin,2020-07-17,5.8,Mega Wijaya,Accounting; Excel Advanced; Reconciliation; Tax Compliance; SAP Finance,EXPLICIT; EXPLICIT; EXPLICIT; EXPLICIT; TRAINING,0.93; 0.94; 0.97; 0.95; 0.79,5,0.92,3,0.95,3,0.94,4/4,0.95,no,,Active
EMP-2159,Iwan Kurniawan,iwan.kurniawan@medika-nusantara.co.id,Jakarta Timur,JKT-03,Finance & Admin Officer,Finance & Admin,2023-11-21,2.5,Budi Hartono,Excel Advanced; Accounting; Tax Compliance; SAP Finance,TRAINING; ROLE_PRIOR; ROLE_PRIOR; ROLE_PRIOR,0.91; 0.57; 0.56; 0.56,4,0.65,3,0.59,0,0.76,2/4,0.65,yes,low_identity_confidence; low_overall_quality,Active
EMP-2160,Dewi Saputra,dewi.saputra@medika-nusantara.co.id,Bogor,BGR-01,Finance & Admin Officer,Finance & Admin,2021-01-13,5.3,Eko Kurniawan,Excel Advanced; Tax Compliance; Accounting; SAP Finance,EXPLICIT; EXPLICIT; EXPLICIT; TRAINING,0.99; 0.97; 0.97; 0.91,4,0.96,4,0.66,0,0.83,3/4,0.76,no,,Active
EMP-2161,Mega Susanto,mega.susanto@medika-nusantara.co.id,Bogor,BGR-01,Finance & Admin Officer,Finance & Admin,2020-07-05,5.8,Rina Maulana,Excel Advanced; Tax Compliance; SAP Finance,TRAINING; TRAINING; TRAINING,0.84; 0.84; 0.86,3,0.85,4,0.76,1,0.98,4/4,0.8,no,,Active
EMP-2162,Arif Permana,arif.permana@medika-nusantara.co.id,Semarang,SMG-01,Finance & Admin Officer,Finance & Admin,2018-06-20,7.9,Diana Susanto,Excel Advanced; Tax Compliance; Accounting; SAP Finance,TRAINING; TRAINING; ROLE_PRIOR; ROLE_PRIOR,0.8; 0.84; 0.59; 0.68,4,0.73,5,0.59,0,0.85,3/4,0.69,yes,low_overall_quality,Active
EMP-2163,Eko Salim,eko.salim@medika-nusantara.co.id,Medan,MDN-01,Finance & Admin Officer,Finance & Admin,2024-07-12,1.8,Eko Kurniawan,Excel Advanced; Tax Compliance; SAP Finance,TRAINING; TRAINING; TRAINING,0.88; 0.84; 0.89,3,0.87,5,0.85,2,0.98,4/4,0.92,no,,Active
EMP-2164,Anggun Gunawan,anggun.gunawan@medika-nusantara.co.id,Jakarta Timur,JKT-03,Finance & Admin Officer,Finance & Admin,2019-08-02,6.8,Mega Wijaya,Tax Compliance; SAP Finance; Accounting; Excel Advanced,TRAINING; TRAINING; ROLE_PRIOR; ROLE_PRIOR,0.81; 0.84; 0.64; 0.61,4,0.72,5,0.68,1,0.98,4/4,0.74,no,,Active
EMP-2165,Reza Pratama,reza.pratama@medika-nusantara.co.id,Surabaya,SBY-01,Finance & Admin Officer,Finance & Admin,2023-03-25,3.1,Dewi Iskandar,Excel Advanced; SAP Finance; Tax Compliance; Accounting; Reconciliation,EXPLICIT; EXPLICIT; EXPLICIT; EXPLICIT; EXPLICIT,0.97; 0.95; 0.97; 0.96; 0.94,5,0.96,,0.0,1,0.99,4/4,0.76,yes,missing_performance_data,Active
EMP-2166,Sinta Permana,sinta.permana@medika-nusantara.co.id,Tangerang,TNG-01,Finance & Admin Officer,Finance & Admin,2023-10-26,2.5,Sukarno Halim,SAP Finance; Excel Advanced; Accounting; Tax Compliance,EXPLICIT; EXPLICIT; ROLE_PRIOR; ROLE_PRIOR,0.99; 0.93; 0.62; 0.64,4,0.8,2,0.68,1,0.99,4/4,0.77,no,,Active
EMP-2167,Intan Widjaja,intan.widjaja@medika-nusantara.co.id,Pontianak,PTK-01,Finance & Admin Officer,Finance & Admin,2020-10-08,5.6,Andi Tanuwijaya,SAP Finance; Reconciliation; Tax Compliance; Excel Advanced,EXPLICIT; EXPLICIT; TRAINING; TRAINING,0.93; 0.96; 0.78; 0.88,4,0.89,1,0.85,3,0.96,4/4,0.92,no,,Active
EMP-2168,Lia Gunawan,lia.gunawan@medika-nusantara.co.id,Jakarta Timur,JKT-03,Finance & Admin Officer,Finance & Admin,2020-04-08,6.1,Mega Wijaya,Accounting; Excel Advanced; Tax Compliance; SAP Finance,ROLE_PRIOR; ROLE_PRIOR; ROLE_PRIOR; ROLE_PRIOR,0.6; 0.59; 0.66; 0.56,4,0.6,3,0.76,2,0.91,4/4,0.82,yes,low_skill_confidence,Active
EMP-2169,Hari Sari,hari.sari@medika-nusantara.co.id,Pontianak,PTK-01,Finance & Admin Officer,Finance & Admin,2024-08-26,1.7,Budi Hartono,SAP Finance; Accounting; Excel Advanced; Tax Compliance,TRAINING; ROLE_PRIOR; ROLE_PRIOR; ROLE_PRIOR,0.84; 0.58; 0.57; 0.64,4,0.66,2,0.59,0,0.82,3/4,0.67,yes,low_overall_quality,Active
EMP-2170,Hadi Hartono,hadi.hartono@medika-nusantara.co.id,Jakarta Pusat,JKT-01,IT Support,IT,2022-08-23,3.7,Wahyu Setiawan,IT Support; Networking Basics; Hardware Troubleshooting; Active Directory,ROLE_PRIOR; ROLE_PRIOR; ROLE_PRIOR; ROLE_PRIOR,0.57; 0.58; 0.62; 0.67,4,0.61,2,0.76,1,0.99,4/4,0.74,yes,low_skill_confidence,Active
EMP-2171,Aisyah Setiawan,aisyah.setiawan@medika-nusantara.co.id,Pontianak,PTK-01,IT Support,IT,2018-01-13,8.3,Mega Wijaya,IT Support; Networking Basics; Hardware Troubleshooting; Active Directory,TRAINING; ROLE_PRIOR; ROLE_PRIOR; ROLE_PRIOR,0.85; 0.67; 0.6; 0.55,4,0.67,1,0.59,0,0.89,3/4,0.69,yes,low_overall_quality,Active
EMP-2172,Mega Widjaja,mega.widjaja@medika-nusantara.co.id,Palembang,PLB-01,IT Support,IT,2021-08-16,4.7,Hadi Cahyadi,IT Support; Networking Basics; Hardware Troubleshooting; Active Directory,TRAINING; ROLE_PRIOR; ROLE_PRIOR; ROLE_PRIOR,0.85; 0.7; 0.7; 0.63,4,0.72,1,0.66,0,0.84,3/4,0.7,no,,Active
EMP-2173,Wahyu Cahyadi,wahyu.cahyadi@medika-nusantara.co.id,Jakarta Timur,JKT-03,IT Support,IT,2023-11-04,2.5,Siti Nasution,IT Support; Networking Basics; Hardware Troubleshooting; Active Directory,TRAINING; TRAINING; ROLE_PRIOR; ROLE_PRIOR,0.84; 0.88; 0.67; 0.6,4,0.75,3,0.68,1,0.93,4/4,0.74,no,,Active
EMP-2174,Cahaya Pratama,cahaya.pratama@medika-nusantara.co.id,Manado,MND-01,IT Support,IT,2024-10-22,1.5,Diana Susanto,Office 365 Admin; Active Directory; IT Support; Networking Basics,EXPLICIT; EXPLICIT; EXPLICIT; TRAINING,0.95; 0.97; 0.97; 0.79,4,0.92,,0.0,2,0.92,4/4,0.83,yes,missing_performance_data,Active
EMP-2175,Sinta Kurniawan,sinta.kurniawan@medika-nusantara.co.id,Bekasi,BKS-01,IT Support,IT,2024-02-03,2.3,Eko Kurniawan,IT Support; Networking Basics; Office 365 Admin; Active Directory; Hardware Troubleshooting,EXPLICIT; EXPLICIT; EXPLICIT; EXPLICIT; EXPLICIT,0.98; 0.95; 0.97; 0.93; 0.95,5,0.96,3,0.66,0,0.89,3/4,0.78,no,,Active
EMP-2176,Wati Hakim,wati.hakim@medika-nusantara.co.id,Banjarmasin,BJM-01,IT Support,IT,2018-05-28,7.9,Eko Kurniawan,Networking Basics; Active Directory; IT Support,EXPLICIT; EXPLICIT; TRAINING,0.96; 0.95; 0.79,3,0.9,1,0.85,2,0.88,3/4,0.91,no,,Active
EMP-2177,Dewi Lestari,dewi.lestari@medika-nusantara.co.id,Palembang,PLB-01,IT Support,IT,2018-12-16,7.4,Joko Pratama,IT Support; Networking Basics; Hardware Troubleshooting; Active Directory,TRAINING; ROLE_PRIOR; ROLE_PRIOR; ROLE_PRIOR,0.9; 0.62; 0.55; 0.57,4,0.66,4,0.85,2,0.94,4/4,0.86,no,,Active
EMP-2178,Putri Salim,putri.salim@medika-nusantara.co.id,Jakarta Timur,JKT-03,IT Support,IT,2021-10-21,4.5,Siti Nasution,Active Directory; IT Support; Networking Basics,EXPLICIT; TRAINING; TRAINING,0.96; 0.81; 0.91,3,0.89,3,0.68,1,0.87,3/4,0.76,no,,Active
EMP-2179,Roni Gunawan,roni.gunawan@medika-nusantara.co.id,Jakarta Selatan,JKT-02,IT Support,IT,2024-04-27,2.0,Dewi Iskandar,Office 365 Admin; IT Support; Networking Basics,EXPLICIT; TRAINING; TRAINING,0.93; 0.82; 0.85,3,0.87,3,0.85,2,0.98,4/4,0.93,no,,Active
EMP-2180,Budi Hidayat,budi.hidayat@medika-nusantara.co.id,Pekanbaru,PKB-01,Driver,Field Operations,2021-03-28,5.1,Eko Kurniawan,Defensive Driving; Route Knowledge; GPS Operation; Cold Chain Handling,TRAINING; TRAINING; ROLE_PRIOR; ROLE_PRIOR,0.8; 0.83; 0.59; 0.56,4,0.7,,0.0,0,0.88,3/4,0.67,yes,missing_performance_data; low_overall_quality,Active
EMP-2181,Iwan Sutrisno,iwan.sutrisno@medika-nusantara.co.id,Balikpapan,BPN-01,Driver,Field Operations,2020-11-14,5.5,Siti Nasution,Defensive Driving; Route Knowledge; GPS Operation; Cold Chain Handling,TRAINING; TRAINING; ROLE_PRIOR; ROLE_PRIOR,0.89; 0.87; 0.67; 0.7,4,0.78,2,0.85,2,0.97,4/4,0.9,no,,Active
EMP-2182,Indah Susanto,indah.susanto@medika-nusantara.co.id,Denpasar,DPS-01,Driver,Field Operations,2020-04-15,6.1,Andi Tanuwijaya,GPS Operation; Cold Chain Handling; Route Knowledge; Defensive Driving,EXPLICIT; EXPLICIT; EXPLICIT; TRAINING,0.98; 0.93; 0.92; 0.78,4,0.9,2,0.66,0,0.81,3/4,0.74,no,,Active
EMP-2183,Reza Widjaja,reza.widjaja@medika-nusantara.co.id,Makassar,MKS-01,Driver,Field Operations,2023-11-10,2.5,Diana Susanto,Route Knowledge; Defensive Driving; GPS Operation; Cold Chain Handling,EXPLICIT; TRAINING; ROLE_PRIOR; ROLE_PRIOR,0.97; 0.79; 0.64; 0.69,4,0.77,4,0.85,3,0.97,4/4,0.9,no,,Active
EMP-2184,Slamet Lestari,slamet.lestari@medika-nusantara.co.id,Makassar,MKS-01,Driver,Field Operations,2022-12-19,3.4,Rina Maulana,Route Knowledge; Defensive Driving; GPS Operation; Cold Chain Handling,TRAINING; TRAINING; ROLE_PRIOR; ROLE_PRIOR,0.84; 0.84; 0.59; 0.57,4,0.71,4,0.85,3,0.96,4/4,0.88,no,,Active
EMP-2185,Adi Nasution,adi.nasution@medika-nusantara.co.id,Yogyakarta,YGY-01,Driver,Field Operations,2022-03-22,4.1,Siti Nasution,GPS Operation; Defensive Driving; Route Knowledge,EXPLICIT; EXPLICIT; TRAINING,0.92; 0.98; 0.87,3,0.92,4,0.68,1,0.97,4/4,0.79,no,,Active
EMP-2186,Bambang Suryadi,bambang.suryadi@medika-nusantara.co.id,Pekanbaru,PKB-01,Driver,Field Operations,2022-10-03,3.6,Mega Wijaya,Defensive Driving; GPS Operation; Route Knowledge,EXPLICIT; EXPLICIT; TRAINING,0.94; 0.93; 0.83,3,0.9,,0.0,3,0.92,4/4,0.83,yes,missing_performance_data,On Leave
EMP-2187,Bayu Kurniawan,bayu.kurniawan@medika-nusantara.co.id,Yogyakarta,YGY-01,Driver,Field Operations,2024-02-16,2.2,Andi Tanuwijaya,Defensive Driving; Route Knowledge; GPS Operation; Cold Chain Handling,TRAINING; TRAINING; ROLE_PRIOR; ROLE_PRIOR,0.8; 0.8; 0.68; 0.67,4,0.74,3,0.68,1,0.99,4/4,0.75,no,,Active
EMP-2188,Indra Lestari,indra.lestari@medika-nusantara.co.id,Makassar,MKS-01,Driver,Field Operations,2018-01-18,8.3,Joko Pratama,Cold Chain Handling; Defensive Driving; GPS Operation; Route Knowledge,EXPLICIT; EXPLICIT; EXPLICIT; EXPLICIT,0.94; 0.96; 0.98; 0.94,4,0.95,,0.0,3,0.81,3/4,0.81,yes,missing_performance_data,Active
EMP-2189,Adi Santoso,adi.santoso@medika-nusantara.co.id,Jakarta Selatan,JKT-02,Driver,Field Operations,2020-03-03,6.2,Joko Pratama,Route Knowledge; Cold Chain Handling; Defensive Driving,EXPLICIT; EXPLICIT; TRAINING,0.93; 0.95; 0.87,3,0.92,5,0.85,2,0.96,4/4,0.93,no,,Active
EMP-2190,Anggun Lestari,anggun.lestari@medika-nusantara.co.id,Jakarta Pusat,JKT-01,Driver,Field Operations,2023-03-07,3.2,Andi Tanuwijaya,Defensive Driving; GPS Operation; Cold Chain Handling; Route Knowledge,EXPLICIT; EXPLICIT; EXPLICIT; TRAINING,0.97; 0.97; 0.96; 0.92,4,0.95,3,0.66,0,0.9,3/4,0.78,no,,Active
EMP-2191,Bambang Susanto,bambang.susanto@medika-nusantara.co.id,Bandung,BDG-01,Driver,Field Operations,2022-05-16,4.0,Dewi Iskandar,Defensive Driving; Route Knowledge; GPS Operation; Cold Chain Handling,TRAINING; TRAINING; ROLE_PRIOR; ROLE_PRIOR,0.83; 0.81; 0.64; 0.7,4,0.74,3,0.95,3,0.9,4/4,0.9,no,,Active
EMP-2192,Bambang Nugroho,bambang.nugroho@medika-nusantara.co.id,Palembang,PLB-01,Driver,Field Operations,2019-10-07,6.6,Hadi Cahyadi,Route Knowledge; Defensive Driving; GPS Operation; Cold Chain Handling,TRAINING; ROLE_PRIOR; ROLE_PRIOR; ROLE_PRIOR,0.87; 0.61; 0.6; 0.63,4,0.68,5,0.85,2,0.97,4/4,0.87,no,,Active
EMP-2193,Joko Hakim,joko.hakim@medika-nusantara.co.id,Balikpapan,BPN-01,Driver,Field Operations,2021-03-03,5.2,Mega Wijaya,Defensive Driving; Route Knowledge; GPS Operation; Cold Chain Handling,EXPLICIT; TRAINING; ROLE_PRIOR; ROLE_PRIOR,0.93; 0.8; 0.64; 0.69,4,0.77,2,0.66,0,0.71,2/4,0.68,yes,low_identity_confidence; low_overall_quality,Active
EMP-2194,Yuli Tjahjadi,yuli.tjahjadi@medika-nusantara.co.id,Jakarta Selatan,JKT-02,Driver,Field Operations,2018-02-28,8.2,Siti Nasution,Route Knowledge; Defensive Driving; GPS Operation; Cold Chain Handling,EXPLICIT; TRAINING; ROLE_PRIOR; ROLE_PRIOR,0.94; 0.8; 0.59; 0.6,4,0.73,4,0.95,3,0.94,4/4,0.91,no,,Active
EMP-2195,Fauzi Saputra,fauzi.saputra@medika-nusantara.co.id,Bekasi,BKS-01,Driver,Field Operations,2021-05-27,5.0,Mega Wijaya,Defensive Driving; Route Knowledge; GPS Operation; Cold Chain Handling,ROLE_PRIOR; ROLE_PRIOR; ROLE_PRIOR; ROLE_PRIOR,0.56; 0.72; 0.62; 0.58,4,0.62,4,0.95,3,0.93,4/4,0.87,yes,low_skill_confidence,Active
EMP-2196,Mega Tjahjadi,mega.tjahjadi@medika-nusantara.co.id,Jakarta Pusat,JKT-01,Driver,Field Operations,2021-06-20,4.9,Sukarno Halim,Route Knowledge; Defensive Driving; GPS Operation; Cold Chain Handling,TRAINING; TRAINING; ROLE_PRIOR; ROLE_PRIOR,0.89; 0.89; 0.55; 0.61,4,0.73,,0.0,2,0.97,4/4,0.8,yes,missing_performance_data,Active
EMP-2197,Dita Nasution,dita.nasution@medika-nusantara.co.id,Manado,MND-01,Driver,Field Operations,2020-09-17,5.6,Mega Wijaya,Route Knowledge; Defensive Driving; GPS Operation; Cold Chain Handling,TRAINING; TRAINING; ROLE_PRIOR; ROLE_PRIOR,0.8; 0.88; 0.59; 0.63,4,0.72,4,0.76,2,0.89,3/4,0.84,no,,Active
EMP-2198,Diana Pratama,diana.pratama@medika-nusantara.co.id,Pekanbaru,PKB-01,Driver,Field Operations,2022-08-28,3.7,Joko Pratama,Route Knowledge; Defensive Driving; GPS Operation; Cold Chain Handling,EXPLICIT; ROLE_PRIOR; ROLE_PRIOR; ROLE_PRIOR,0.93; 0.71; 0.55; 0.7,4,0.72,5,0.59,0,0.86,3/4,0.69,yes,low_overall_quality,Active
EMP-2199,Hendra Putri,hendra.putri@medika-nusantara.co.id,Pekanbaru,PKB-01,Driver,Field Operations,2022-08-03,3.8,Rina Maulana,Route Knowledge; Defensive Driving; GPS Operation; Cold Chain Handling,EXPLICIT; EXPLICIT; ROLE_PRIOR; ROLE_PRIOR,0.95; 0.94; 0.72; 0.56,4,0.79,3,0.59,0,0.84,3/4,0.71,no,,Active
